cuce,entidad,tipo_de_contratacion,modalidad,objeto_de_contratacion,estado,fecha_presentacion,fecha_publicacion,archivos,formularios,ficha_del_proceso,persona_contacto,garantia,costo_pliego,arpc,reunión_aclaracion,fecha_adjudicacion_desierta,departamento,normativa
18-0907-00-922506-0-E,Gobierno Autónomo Departamental De Santa Cruz,Servicios Generales,CD,Alquiler De Edificio Para Las Oficinas De La Sub Gobernacion Provincia Andres Ibañez (Gestion 2019),Contratado,,2020-03-02,Contrato/Orden de Compra/Orden de ServicioRes. de Adjudicacion (nota)Acta o informe de recepcion definitiva,FORM 400FORM 500,Ver Ficha,Kevin Paul Vargas Rivero (Telf: 3636300/3-3332760 /3636256), ,,   - , ,2018-12-31,Santa Cruz,NB-SABS (D.S.0181)
19-0907-00-1031981-0-E,Gobierno Autónomo Departamental De Santa Cruz,Servicios Generales,EM,"Contratacion 4ta. Alquiler De Cisternas Para El Gobierno Autonomo Municipal De San Ignacio De Velasco ""Coed"" Santa Cruz",Contratado,,2020-03-02,Res. de Adjudicacion (nota)Contrato/Orden de Compra/Orden de ServicioActa o informe de recepcion definitiva,FORM 400FORM 500,Ver Ficha,Dennis Cuellar Soto (Telf: 3636300/3-3332760 /3636256), ,,   - , ,2019-12-20,Santa Cruz,NB-SABS (D.S.0181)
20-0907-00-1032390-0-E,Gobierno Autónomo Departamental De Santa Cruz,Servicios Generales,CM,"Servicio De Empaste De Documentacion De La Secretaria Dptal. De Hidrocarburos, Energias Y Minas Gestiones 2007 Y 2008.",Contratado,,2020-03-03,Contrato/Orden de Compra/Orden de ServicioRes. de Adjudicacion (nota)Acta o informe de recepcion definitiva,FORM 400FORM 500,Ver Ficha,Stephanie Grace Mier Gharrib (Telf: 3636300/3-3332760 /3636256), ,,   - , ,2020-02-11,Santa Cruz,NB-SABS (D.S.0181)
19-0907-00-1029103-0-E,Gobierno Autónomo Departamental De Santa Cruz,Consultoria,CM,Consultoria Por Producto - Analisis Eco Sistemico Del Paisaje De Las Areas Afectadas Por Los Incendios Forestales.,Contratado,,2020-03-03,Contrato/Orden de Compra/Orden de ServicioRes. de Adjudicacion (nota)Acta o informe de recepcion definitiva,FORM 400FORM 500,Ver Ficha,Dennis Cuellar Soto (Telf: 3636300/3-3332760 /3636256), ,,   - , ,2019-12-11,Santa Cruz,NB-SABS (D.S.0181)
20-0907-00-1032389-1-1,Gobierno Autónomo Departamental De Santa Cruz,Obras,LP,Mej. De Accesos A Zonas Productivas De Mun. Vallegrande,Suspendido,2020-03-24,2020-03-03,ConvocatoriaDocumento Base de ContratacionPlanosPlanosPlanosPlanosPlanosPlanosVer mas...,FORM 100FORM 120FORM 100-E,Ver Ficha,Ivana Andrea Rodriguez Chavarria (Telf: 3636300/3-3332760 /3636256), ,,   - ,10/03/2020 10:00,,Santa Cruz,NB-SABS (D.S.0181)
19-0907-00-1032029-0-E,Gobierno Autónomo Departamental De Santa Cruz,Consultoria,CM,Consultoria Por Producto - Evaluacion Del Estado De La Fauna En Las Areas Afectadas Por Los Incendios Forestales,Contratado,,2020-03-03,Res. de Adjudicacion (nota)Contrato/Orden de Compra/Orden de ServicioActa o informe de recepcion definitiva,FORM 400FORM 500,Ver Ficha,Dennis Cuellar Soto (Telf: 3636300/3-3332760 /3636256), ,,   - , ,2019-12-11,Santa Cruz,NB-SABS (D.S.0181)
19-0907-00-1032773-0-E,Gobierno Autónomo Departamental De Santa Cruz,Servicios Generales,CD,Servicios De Gigantografias Publicitarias Ii (Prog. Des. Marketing Digital Y Publicidad En Scz),Contratado,,2020-03-04,Contrato/Orden de Compra/Orden de ServicioRes. de Adjudicacion (nota)Acta o informe de recepcion definitiva,FORM 400FORM 500,Ver Ficha,Dennis Cuellar Soto (Telf: 3636300/3-3332760 /3636256), ,,   - , ,2019-12-16,Santa Cruz,NB-SABS (D.S.0181)
19-0907-00-1032880-0-E,Gobierno Autónomo Departamental De Santa Cruz,Consultoria,CM,Consultoria Por Producto - Elaboracion De Los Lineamientos Para Estructura El Plan De Restauracion Desde La Perspectiva De Gestion Del Paisaje,Contratado,,2020-03-04,Contrato/Orden de Compra/Orden de ServicioRes. de Adjudicacion (nota)Acta o informe de recepcion definitiva,FORM 400FORM 500,Ver Ficha,Dennis Cuellar Soto (Telf: 3636300/3-3332760 /3636256), ,,   - , ,2019-12-11,Santa Cruz,NB-SABS (D.S.0181)
19-0907-00-1032715-0-E,Gobierno Autónomo Departamental De Santa Cruz,Servicios Generales,EM,"Contratacion Fletes De Transporte Para Llevar Alimentos Y Otros A Los Gobiernos Autonomos Municipales, Robore, San Ignacio De Velasco, San Rafael De Velasco, Concepcion, San Matias, El Carmen Rivero Torrez, San Antonio De Lomerio Y San Miguel De Velasco ""Coed"" Santa Cruz.",Contratado,,2020-03-04,Res. de Adjudicacion (nota)Contrato/Orden de Compra/Orden de ServicioActa o informe de recepcion definitiva,FORM 400FORM 500,Ver Ficha,Stephanie Grace Mier Gharrib (Telf: 3636300/3-3332760 /3636256), ,,   - , ,2019-12-20,Santa Cruz,NB-SABS (D.S.0181)
19-0907-00-1032848-0-E,Gobierno Autónomo Departamental De Santa Cruz,Consultoria,CM,Consultoria Por Producto - Evaluacion Inicial De Los Aspectos Abioticos De Las Areas Afectadas Por Los Incendios Forestales,Contratado,,2020-03-04,Contrato/Orden de Compra/Orden de ServicioRes. de Adjudicacion (nota)Acta o informe de recepcion definitiva,FORM 400FORM 500,Ver Ficha,Dennis Cuellar Soto (Telf: 3636300/3-3332760 /3636256), ,,   - , ,2019-12-11,Santa Cruz,NB-SABS (D.S.0181)
20-0907-00-1032748-1-1,Gobierno Autónomo Departamental De Santa Cruz,Bienes,ANPP,"Adquisición De Bolsas Colectoras De Sangre 1, Para El Banco De Sangre Regional Santa Cruz.",Contratado,2020-03-16,2020-03-04,ConvocatoriaDocumento Base de ContratacionRes. de Adjudicacion (nota)Informe de la Comision/Responsable de EvaluacionContrato/Orden de Compra/Orden de ServicioActa o informe de recepcion definitiva,FORM 100FORM 170FORM 200FORM 500,Ver Ficha,Maria Asunta Ortuno Cespedes (Telf: 3636300/3-3332760 /3636256), ,,   - , ,2020-03-19,Santa Cruz,NB-SABS (D.S.0181)
20-0907-00-1033002-1-1,Gobierno Autónomo Departamental De Santa Cruz,Obras,LP,Mej. C/Pav. Circunvalación 1er. Anillo Zona Norte San José De Chiquitos,Suspendido,2020-03-25,2020-03-04,Documento Base de ContratacionConvocatoriaEnmiendasResolucion de aprobacion del DBCActa Reunion de AclaracionResolucion/Documento de Suspension,FORM 100FORM 120FORM 100-E,Ver Ficha,Ivana Andrea Rodriguez Chavarria (Telf: 3636300/3-3332760 /3636256), ,,   - ,11/03/2020 10:00,,Santa Cruz,NB-SABS (D.S.0181)
19-0907-00-1032425-0-E,Gobierno Autónomo Departamental De Santa Cruz,Bienes,CM,Alimento Para Animales Alimento Balanceado Fase De Crecimiento Para Aves Del Proyecto Desar. Capac. Tecnica Produccion Avicola Com. Indigenas Prov. Guarayos,Contratado,,2020-03-04,Contrato/Orden de Compra/Orden de ServicioRes. de Adjudicacion (nota)Acta o informe de recepcion definitiva,FORM 400FORM 500,Ver Ficha,Mauricio Prada Verduguez (Telf: 3636300/3-3332760 /3636256), ,,   - , ,2019-12-20,Santa Cruz,NB-SABS (D.S.0181)
20-0907-00-1033135-0-E,Gobierno Autónomo Departamental De Santa Cruz,Bienes,CM,Adquisición De Bolsas Plásticas De Diferentes Medidas Para El Hospital Japones Gestión 2019,Contratado,,2020-03-05,Contrato/Orden de Compra/Orden de ServicioRes. de Adjudicacion (nota)Acta o informe de recepcion definitivaActa o informe de recepcion definitiva,FORM 400FORM 500,Ver Ficha,Yaqueline Merubia Rojas (Telf: 3636300/3-3332760 /3636256), ,,   - , ,2020-02-12,Santa Cruz,NB-SABS (D.S.0181)
19-0907-00-1033132-0-E,Gobierno Autónomo Departamental De Santa Cruz,Bienes,CM,"Productos Metalicos - (Compra De Calaminas, Mesas De Faeneo Y Otras Relacionadas A La Partida) - Desar. Productivo Piscicola Pueblo Yuracare Mojeño Scz-Dfagci - Sdpi.",Contratado,,2020-03-05,Contrato/Orden de Compra/Orden de ServicioRes. de Adjudicacion (nota)Acta o informe de recepcion definitiva,FORM 400FORM 500,Ver Ficha,Stephanie Grace Mier Gharrib (Telf: 3636300/3-3332760 /3636256), ,,   - , ,2019-12-16,Santa Cruz,NB-SABS (D.S.0181)
20-0907-00-1033265-0-E,Gobierno Autónomo Departamental De Santa Cruz,Servicios Generales,CM,Contrataciã?N De Servicio De Traslado Y Custodia De Valores Del Hospital Japones Gestiã?N 2020,Contratado,,2020-03-05,Contrato/Orden de Compra/Orden de ServicioRes. de Adjudicacion (nota),FORM 400,Ver Ficha,Yaqueline Merubia Rojas (Telf: 3636300/3-3332760 /3636256), ,,   - , ,2020-01-30,Santa Cruz,NB-SABS (D.S.0181)
20-0907-00-1033661-1-1,Gobierno Autónomo Departamental De Santa Cruz,Bienes,ANPP,"Adquisición De Productos Químicos Y Farmacéuticos, Para Laboratorio De Hematologia 2, Para El Banco De Sangre Regional Santa Cruz",Contratado,2020-03-18,2020-03-06,Aprobación de la entidad para elaboración del DBC (no existe modelo del Organo Rector)Documento Base de ContratacionConvocatoriaInforme de la Comision/Responsable de EvaluacionRes. de Adjudicacion (nota)Contrato/Orden de Compra/Orden de Servicio,FORM 100FORM 170FORM 200,Ver Ficha,Maria Asunta Ortuno Cespedes (Telf: 3636300/3-3332760 /3636256), ,,   - , ,2020-03-20,Santa Cruz,NB-SABS (D.S.0181)
20-0907-00-1034081-0-E,Gobierno Autónomo Departamental De Santa Cruz,Bienes,CM,Compra De Papel Bond Tamaño Carta Y Oficio Para El Área De Anpe,Contratado,,2020-03-09,Res. de Adjudicacion (nota)Contrato/Orden de Compra/Orden de ServicioActa o informe de recepcion definitiva,FORM 400FORM 500,Ver Ficha,Mauricio Prada Verduguez (Telf: 3636300/3-3332760 /3636256), ,,   - , ,2020-02-11,Santa Cruz,NB-SABS (D.S.0181)
20-0907-00-1033965-1-1,Gobierno Autónomo Departamental De Santa Cruz,Bienes,ANPE,Adquisición De Material De Escritorio Para El Almacén Del Hospital San Juan De Dios Gestión 2020,Anulado desde la convocatoria,2020-03-13,2020-03-09,Documento Base de ContratacionConvocatoriaResolucion/Documento de Anulacion,FORM 100FORM 100-E,Ver Ficha,Lorgio Peinado Justiniano (Telf: 3636300/3-3332760 /3636256), ,,   - , ,,Santa Cruz,NB-SABS (D.S.0181)
20-0907-00-1034022-1-1,Gobierno Autónomo Departamental De Santa Cruz,Bienes,ANPE,Adquisición De Computadoras Para El Hospital Japones,Contratado,2020-03-13,2020-03-09,Aprobación de la entidad para elaboración del DBC (no existe modelo del Organo Rector)Aprobación de la entidad para elaboración del DBC (no existe modelo del Organo Rector)Documento Base de ContratacionConvocatoriaAprobación de la entidad para elaboración del DBC (no existe modelo del Organo Rector)Res. de Adjudicacion (nota)Informe de la Comision/Responsable de EvaluacionContrato/Orden de Compra/Orden de Servicio,FORM 100FORM 170FORM 200,Ver Ficha,Yaqueline Merubia Rojas (Telf: 3636300/3-3332760 /3636256), ,,   - , ,2020-03-20,Santa Cruz,NB-SABS (D.S.0181)
20-0907-00-1034446-0-E,Gobierno Autónomo Departamental De Santa Cruz,Servicios Generales,CD,Alquiler De Edificio Para Las Oficinas De La Sub Gobernacion Andres Ibañez,Contratado,,2020-03-10,Res. de Adjudicacion (nota)Contrato/Orden de Compra/Orden de Servicio,FORM 400,Ver Ficha,Kevin Paul Vargas Rivero (Telf: 3636300/3-3332760 /3636256), ,,   - , ,2020-02-05,Santa Cruz,NB-SABS (D.S.0181)
19-0907-00-1034365-0-E,Gobierno Autónomo Departamental De Santa Cruz,Consultoria,CM,Consultorã???Ã??Ã?ÂA Manual De Funciones Por Puesto Y Reglamento Interno Del Personal Del Sistema Penal,Contratado,,2020-03-10,Contrato/Orden de Compra/Orden de ServicioContrato/Orden de Compra/Orden de ServicioRes. de Adjudicacion (nota)Contrato/Orden de Compra/Orden de ServicioContrato/Orden de Compra/Orden de ServicioActa o informe de recepcion definitiva,FORM 400FORM 500,Ver Ficha,Mauricio Prada Verduguez (Telf: 3636300/3-3332760 /3636256), ,,   - , ,2019-12-02,Santa Cruz,NB-SABS (D.S.0181)
20-0907-00-1034427-1-1,Gobierno Autónomo Departamental De Santa Cruz,Bienes,ANPE,Adquisición De Menaje Descartables Y Material De Limpieza Para El Servicio De Nutrición Del Hospital Japones Gestión 2020,Contratado,2020-03-16,2020-03-10,Aprobación de la entidad para elaboración del DBC (no existe modelo del Organo Rector)Aprobación de la entidad para elaboración del DBC (no existe modelo del Organo Rector)ConvocatoriaAprobación de la entidad para elaboración del DBC (no existe modelo del Organo Rector)Documento Base de ContratacionRes. de Adjudicacion (nota)Informe de la Comision/Responsable de EvaluacionContrato/Orden de Compra/Orden de ServicioVer mas...,FORM 100FORM 170FORM 200FORM 500,Ver Ficha,Yaqueline Merubia Rojas (Telf: 3636300/3-3332760 /3636256), ,,   - , ,2020-03-23,Santa Cruz,NB-SABS (D.S.0181)
20-0907-00-1034557-1-1,Gobierno Autónomo Departamental De Santa Cruz,Obras,LP,"Contratación Para La Construcción De Oficinas Y Dependencias Del Proyecto Implementación Granja Modelo Integral Agropecuaria Provincia Ángel Sandoval,  Dependiente Del Sedacruz",Suspendido,2020-03-31,2020-03-10,ConvocatoriaDocumento Base de ContratacionPlanosPlanosPlanosPlanosPlanosPlanosVer mas...,FORM 100FORM 100-E,Ver Ficha,Ivana Andrea Rodriguez Chavarria (Telf: 3636300/3-3332760 /3636256), ,,   - ,16/03/2020 10:00,,Santa Cruz,NB-SABS (D.S.0181)
20-0907-00-1031309-1-2,Gobierno Autónomo Departamental De Santa Cruz,Consultoria,ANPP,Supervisión Mej. Carretera Okinawa Ii Y Iii (Fase I) 2da. Publicación,Suspendido,2020-03-20,2020-03-10,ConvocatoriaDocumento Base de ContratacionResolucion/Documento de Suspension,FORM 100FORM 100-E,Ver Ficha,Kevin Paul Vargas Rivero (Telf: 3636300/3-3332760 /3636256), ,,   - , ,,Santa Cruz,NB-SABS (D.S.0181)
20-0907-00-1034381-0-E,Gobierno Autónomo Departamental De Santa Cruz,Bienes,CM,Compra De Herramientas Menores Para El Area De Funcionamiento Lote I,Contratado,,2020-03-10,Res. de Adjudicacion (nota)Contrato/Orden de Compra/Orden de ServicioActa o informe de recepcion definitiva,FORM 400FORM 500,Ver Ficha,Dennis Cuellar Soto (Telf: 3636300/3-3332760 /3636256), ,,   - , ,2020-02-19,Santa Cruz,NB-SABS (D.S.0181)
20-0907-00-1034811-0-E,Gobierno Autónomo Departamental De Santa Cruz,Servicios Generales,CM,Servicio De Limpieza Cepat,Contratado,,2020-03-11,Res. de Adjudicacion (nota)Contrato/Orden de Compra/Orden de Servicio,FORM 400,Ver Ficha,Norma Ines Medinacelly Mendoza (Telf: 3636300/3-3332760 /3636256), ,,   - , ,2020-02-07,Santa Cruz,NB-SABS (D.S.0181)
20-0907-00-1035028-1-1,Gobierno Autónomo Departamental De Santa Cruz,Consultoria,ANPE,Profesional 2 - Monitor Ambiental Iii (Prog. Seguimiento Y Control Ambiental),Suspendido,2020-03-17,2020-03-11,ConvocatoriaDocumento Base de ContratacionResolucion/Documento de Suspension,FORM 100FORM 100-E,Ver Ficha,Kevin Paul Vargas Rivero (Telf: 3636300/3-3332760 /3636256), ,,   - , ,,Santa Cruz,NB-SABS (D.S.0181)
20-0907-00-1034887-1-1,Gobierno Autónomo Departamental De Santa Cruz,Bienes,ANPP,Adquisición De Reactivos E Insumos Para El Servicio De Medicina Nuclear Del Hospital San Juan De Dios Gestión 2020,Anulado desde la convocatoria,2020-03-23,2020-03-11,ConvocatoriaDocumento Base de ContratacionResolucion/Documento de Anulacion,FORM 100FORM 100-E,Ver Ficha,Lorgio Peinado Justiniano (Telf: 3636300/3-3332760 /3636256), ,,   - , ,,Santa Cruz,NB-SABS (D.S.0181)
20-0907-00-1034977-1-1,Gobierno Autónomo Departamental De Santa Cruz,Consultoria,ANPE,Profesional 2 - Monitor Ambiental I (Prog. Seguimiento Y Control Ambiental),Suspendido,2020-03-17,2020-03-11,Documento Base de ContratacionConvocatoriaResolucion/Documento de Suspension,FORM 100FORM 100-E,Ver Ficha,Kevin Paul Vargas Rivero (Telf: 3636300/3-3332760 /3636256), ,,   - , ,,Santa Cruz,NB-SABS (D.S.0181)
20-0907-00-1035178-0-E,Gobierno Autónomo Departamental De Santa Cruz,Servicios Generales,CM,Servicio De Mantenimiento De Control Acceso Parque Parqueo A,Contratado,,2020-03-12,Res. de Adjudicacion (nota)Contrato/Orden de Compra/Orden de ServicioActa o informe de recepcion definitiva,FORM 400FORM 500,Ver Ficha,Dennis Cuellar Soto (Telf: 3636300/3-3332760 /3636256), ,,   - , ,2020-02-12,Santa Cruz,NB-SABS (D.S.0181)
20-0907-00-1035276-1-1,Gobierno Autónomo Departamental De Santa Cruz,Bienes,ANPP,Compra De Carnes-Cenvicruz,Contratado,2020-03-24,2020-03-12,ConvocatoriaDocumento Base de ContratacionRes. de Adjudicacion (nota)Informe de la Comision/Responsable de EvaluacionContrato/Orden de Compra/Orden de Servicio,FORM 100FORM 170FORM 200,Ver Ficha,Kevin Paul Vargas Rivero (Telf: 3636300/3-3332760 /3636256), ,,   - , ,2020-03-31,Santa Cruz,NB-SABS (D.S.0181)
20-0907-00-1035277-1-1,Gobierno Autónomo Departamental De Santa Cruz,Bienes,ANPP,"Adquisición De Productos Químicos Y Farmacéuticos, Para Laboratorio De Serologia 2, Para El Banco De Sangre Regional Santa Cruz.",Contratado,2020-03-24,2020-03-12,Aprobación de la entidad para elaboración del DBC (no existe modelo del Organo Rector)ConvocatoriaDocumento Base de ContratacionRes. de Adjudicacion (nota)Informe de la Comision/Responsable de EvaluacionContrato/Orden de Compra/Orden de ServicioActa o informe de recepcion definitiva,FORM 100FORM 170FORM 200FORM 500,Ver Ficha,Maria Asunta Ortuno Cespedes (Telf: 3636300/3-3332760 /3636256), ,,   - , ,2020-03-24,Santa Cruz,NB-SABS (D.S.0181)
20-0907-00-1035627-1-1,Gobierno Autónomo Departamental De Santa Cruz,Bienes,ANPE,Adquisición De Materiales De Escritorio Y Oficina Para El Hospital Japones Gestión 2020,Contratado,2020-03-19,2020-03-13,Documento Base de ContratacionAprobación de la entidad para elaboración del DBC (no existe modelo del Organo Rector)ConvocatoriaAprobación de la entidad para elaboración del DBC (no existe modelo del Organo Rector)Aprobación de la entidad para elaboración del DBC (no existe modelo del Organo Rector)Resolución/Nota/Documento que autorice la AmpliacionConvocatoria a AmpliacionRes. de Adjudicacion (nota)Ver mas...,FORM 100FORM 100-EFORM 170FORM 200FORM 500,Ver Ficha,Yaqueline Merubia Rojas (Telf: 3636300/3-3332760 /3636256), ,,   - , ,2020-04-01,Santa Cruz,NB-SABS (D.S.0181)
20-0907-00-1035622-1-1,Gobierno Autónomo Departamental De Santa Cruz,Bienes,ANPP,Compra De Abarrote Cenvicruz,Contratado,2020-03-25,2020-03-13,Documento Base de ContratacionConvocatoriaRes. de Adjudicacion (nota)Informe de la Comision/Responsable de EvaluacionContrato/Orden de Compra/Orden de Servicio,FORM 100FORM 170FORM 200,Ver Ficha,Kevin Paul Vargas Rivero (Telf: 3636300/3-3332760 /3636256), ,,   - , ,2020-04-01,Santa Cruz,NB-SABS (D.S.0181)
20-0907-00-1035573-1-1,Gobierno Autónomo Departamental De Santa Cruz,Bienes,ANPP,"Compra De Verduras, Frutas, Queso, Huevo Y Yogurt-Cenvicruz",Contratado,2020-03-25,2020-03-13,Documento Base de ContratacionConvocatoriaRes. de Adjudicacion (nota)Informe de la Comision/Responsable de EvaluacionContrato/Orden de Compra/Orden de Servicio,FORM 100FORM 170FORM 200,Ver Ficha,Kevin Paul Vargas Rivero (Telf: 3636300/3-3332760 /3636256), ,,   - , ,2020-04-01,Santa Cruz,NB-SABS (D.S.0181)
19-0907-00-1035695-0-E,Gobierno Autónomo Departamental De Santa Cruz,Bienes,EM,"Compra De Alimentos Para Los Gobiernos Autonomos Municipales De Robore, San Ignacio, San Rafael, San Jose, Concepcion, San Matias, El Carmen R.Torrez, San A. De Lomerio Y San Miguel",Contratado,,2020-03-13,Res. de Adjudicacion (nota)Contrato/Orden de Compra/Orden de ServicioActa o informe de recepcion definitiva,FORM 400FORM 500,Ver Ficha,Kevin Paul Vargas Rivero (Telf: 3636300/3-3332760 /3636256), ,,   - , ,2019-12-20,Santa Cruz,NB-SABS (D.S.0181)
20-0907-00-1035993-1-1,Gobierno Autónomo Departamental De Santa Cruz,Servicios Generales,ANPE,"Mantenimiento Preventivo Y Correctivo De Tomografo Del Hospital San Juan De Dios, Gestion 2020",Desierto,2020-03-20,2020-03-16,ConvocatoriaDocumento Base de ContratacionRes. de Desierta (nota)Informe de la Comision/Responsable de Evaluacion,FORM 100FORM 170,Ver Ficha,Lorgio Peinado Justiniano (Telf: 3636300/3-3332760 /3636256), ,,   - , ,2020-03-26,Santa Cruz,NB-SABS (D.S.0181)
20-0907-00-1033965-1-2,Gobierno Autónomo Departamental De Santa Cruz,Bienes,ANPE,Adquisición De Material De Escritorio Para El Almacén Del Hospital San Juan De Dios Gestión 2020 (Segunda Publicacion),Contratado,2020-03-20,2020-03-16,Documento Base de ContratacionConvocatoriaRes. de Adjudicacion (nota)Informe de la Comision/Responsable de EvaluacionContrato/Orden de Compra/Orden de ServicioActa o informe de recepcion definitiva,FORM 100FORM 170FORM 200FORM 500,Ver Ficha,Lorgio Peinado Justiniano (Telf: 3636300/3-3332760 /3636256), ,,   - , ,2020-03-25,Santa Cruz,NB-SABS (D.S.0181)
20-0907-00-1036225-0-E,Gobierno Autónomo Departamental De Santa Cruz,Servicios Generales,CM,Servicio De Limpieza Edificio Padi,Contratado,,2020-03-17,Res. de Adjudicacion (nota)Contrato/Orden de Compra/Orden de ServicioActa o informe de recepcion definitiva,FORM 400FORM 500,Ver Ficha,Mauricio Prada Verduguez (Telf: 3636300/3-3332760 /3636256), ,,   - , ,2020-02-21,Santa Cruz,NB-SABS (D.S.0181)
20-0907-00-1035982-0-E,Gobierno Autónomo Departamental De Santa Cruz,Bienes,CM,"Adquisicion De Guantes Descartables ""S"" Para El Almacenes Del Hospital San Juan De Dios Gestion 2020",Contratado,,2020-03-18,Contrato/Orden de Compra/Orden de ServicioRes. de Adjudicacion (nota)Acta o informe de recepcion definitiva,FORM 400FORM 500,Ver Ficha,Lorgio Peinado Justiniano (Telf: 3636300/3-3332760 /3636256), ,,   - , ,2020-03-06,Santa Cruz,NB-SABS (D.S.0181)
20-0907-00-1036351-0-E,Gobierno Autónomo Departamental De Santa Cruz,Bienes,CM,"Adquisicion De Guantes Descartables Talla ""M"" Para El Almacenes Del Hospital San Juan De Dios Gestion 2020",Contratado,,2020-03-18,Res. de Adjudicacion (nota)Contrato/Orden de Compra/Orden de ServicioActa o informe de recepcion definitiva,FORM 400FORM 500,Ver Ficha,Lorgio Peinado Justiniano (Telf: 3636300/3-3332760 /3636256), ,,   - , ,2020-03-06,Santa Cruz,NB-SABS (D.S.0181)
20-0907-00-1036572-1-1,Gobierno Autónomo Departamental De Santa Cruz,Bienes,ANPE,Adquisición De Papel Continuo Troquelado Para Las Cajas Recaudadoras Para El Almacén Del Hospital San Juan De Dios Gestión 2020,Desierto,2020-03-24,2020-03-18,Documento Base de ContratacionConvocatoriaRes. de Desierta (nota)Informe de la Comision/Responsable de Evaluacion,FORM 100FORM 170,Ver Ficha,Lorgio Peinado Justiniano (Telf: 3636300/3-3332760 /3636256), ,,   - , ,2020-03-30,Santa Cruz,NB-SABS (D.S.0181)
20-0907-00-1028645-2-1,Gobierno Autónomo Departamental De Santa Cruz,Consultoria,ANPP,Const. Conjunto Hidraulico San Jose - 2da. Convocatoria,Suspendido,2020-03-30,2020-03-18,Documento Base de ContratacionConvocatoriaResolucion/Documento de Suspension,FORM 100FORM 100-E,Ver Ficha,Kevin Paul Vargas Rivero (Telf: 3636300/3-3332760 /3636256), ,,   - , ,,Santa Cruz,NB-SABS (D.S.0181)
20-0907-00-1036635-1-1,Gobierno Autónomo Departamental De Santa Cruz,Consultoria,ANPE,Consultoria Por Producto Para El Acompañamiento Y Asistencia Tecnica A La Ejecucion De La Inversion Del Proyecto ? Implem. Cosecha De Agua Canton Mataral?.,Suspendido,2020-03-24,2020-03-18,Documento Base de ContratacionConvocatoriaResolucion/Documento de Suspension,FORM 100FORM 100-E,Ver Ficha,Kevin Paul Vargas Rivero (Telf: 3636300/3-3332760 /3636256), ,,   - , ,,Santa Cruz,NB-SABS (D.S.0181)
20-0907-00-1036746-1-1,Gobierno Autónomo Departamental De Santa Cruz,Consultoria,ANPE,Consultores De Línea Profesional 3 - Responsable Administrativo Capac. Asist. Técnica Produc. Agrop. Comun. Indígenas Prov. Guarayos. Sdpi.,Suspendido,2020-03-24,2020-03-18,Documento Base de ContratacionConvocatoriaResolucion/Documento de Suspension,FORM 100FORM 100-E,Ver Ficha,Kevin Paul Vargas Rivero (Telf: 3636300/3-3332760 /3636256), ,,   - , ,,Santa Cruz,NB-SABS (D.S.0181)
20-0907-00-1036801-0-E,Gobierno Autónomo Departamental De Santa Cruz,Bienes,CM,Adquisiciã?N De Papel Para Equipos De Diagnostico Hospital Japones,Contratado,,2020-03-19,Res. de Adjudicacion (nota)Contrato/Orden de Compra/Orden de ServicioActa o informe de recepcion definitivaActa o informe de recepcion definitiva,FORM 400FORM 500,Ver Ficha,Yaqueline Merubia Rojas (Telf: 3636300/3-3332760 /3636256), ,,   - , ,2020-02-17,Santa Cruz,NB-SABS (D.S.0181)
20-0907-00-1036892-1-1,Gobierno Autónomo Departamental De Santa Cruz,Bienes,ANPE,Adquisicion De Repuestos Para Equipos Respiradores Del Hospital Japones,No Informado,2020-03-25,2020-03-19,Aprobación de la entidad para elaboración del DBC (no existe modelo del Organo Rector)ConvocatoriaAprobación de la entidad para elaboración del DBC (no existe modelo del Organo Rector)Documento Base de ContratacionAprobación de la entidad para elaboración del DBC (no existe modelo del Organo Rector)Res. de Adjudicacion (nota)Informe de la Comision/Responsable de EvaluacionConvocatoria a AmpliacionVer mas...,FORM 100FORM 170FORM 100-EFORM 100-E,Ver Ficha,Yaqueline Merubia Rojas (Telf: 3636300/3-3332760 /3636256), ,,   - , ,2020-04-01,Santa Cruz,NB-SABS (D.S.0181)
19-0907-00-1036424-0-E,Gobierno Autónomo Departamental De Santa Cruz,Bienes,CM,"Productos De Minerales No Metalicos Y Plasticos (Compra De Bolsas, Telas Plasticas, Mochilas Fumigadoras Y Otros Relacionados A La Partida) Proyecto) Proyecto Impl. Y Mejoramiento Cultivo Cacao Pueblo Yuracare - Mojeã?O Scz-Dfagci-Sdpi",Contratado,,2020-03-19,Contrato/Orden de Compra/Orden de ServicioRes. de Adjudicacion (nota)Acta o informe de recepcion definitiva,FORM 400FORM 500,Ver Ficha,Dennis Cuellar Soto (Telf: 3636300/3-3332760 /3636256), ,,   - , ,2019-12-06,Santa Cruz,NB-SABS (D.S.0181)
20-0907-00-1036360-0-E,Gobierno Autónomo Departamental De Santa Cruz,Bienes,CM,Adquisiciã??N De Alcohol Para El Almacã??N Del Hospital San Juan De Dios Gestiã??N 2020,Contratado,,2020-03-26,Res. de Adjudicacion (nota)Contrato/Orden de Compra/Orden de ServicioActa o informe de recepcion definitiva,FORM 400FORM 500,Ver Ficha,Lorgio Peinado Justiniano (Telf: 3636300/3-3332760 /3636256), ,,   - , ,2020-03-06,Santa Cruz,NB-SABS (D.S.0181)
20-0907-00-1033166-0-E,Gobierno Autónomo Departamental De Santa Cruz,Bienes,CM,Adquisiciã????N De Jeringas Descartables Para El Almacã????N Del Hospital San Juan De Dios Gestiã????N 2020,Contratado,,2020-03-26,Contrato/Orden de Compra/Orden de ServicioRes. de Adjudicacion (nota)Acta o informe de recepcion definitiva,FORM 400FORM 500,Ver Ficha,Lorgio Peinado Justiniano (Telf: 3636300/3-3332760 /3636256), ,,   - , ,2020-02-21,Santa Cruz,NB-SABS (D.S.0181)
20-0907-00-1036821-0-E,Gobierno Autónomo Departamental De Santa Cruz,Bienes,CM,Adquisiciã????N De Papel Bon Tamaã????O Oficio Y Carta Para El Almacã????N Del Hospital San Juan De Dios,Contratado,,2020-03-26,Res. de Adjudicacion (nota)Contrato/Orden de Compra/Orden de ServicioActa o informe de recepcion definitiva,FORM 400FORM 500,Ver Ficha,Lorgio Peinado Justiniano (Telf: 3636300/3-3332760 /3636256), ,,   - , ,2020-03-10,Santa Cruz,NB-SABS (D.S.0181)
20-0907-00-1035569-0-E,Gobierno Autónomo Departamental De Santa Cruz,Bienes,CM,"Asquisicion De Sabanas Y Colchones Para El Servicio De Cirugia,Neurocirugia,,Urologia Y Uti,Del Hospital San Juan De Dios Gestion 2020",Contratado,,2020-03-26,Res. de Adjudicacion (nota)Contrato/Orden de Compra/Orden de ServicioActa o informe de recepcion definitiva,FORM 400FORM 500,Ver Ficha,Lorgio Peinado Justiniano (Telf: 3636300/3-3332760 /3636256), ,,   - , ,2020-03-03,Santa Cruz,NB-SABS (D.S.0181)
20-0907-00-1036347-0-E,Gobierno Autónomo Departamental De Santa Cruz,Bienes,CM,Adquisiciã?N De Hilados Y Telas Para El Servicio De Quirofano Del Hospital San Juan De Dios,Contratado,,2020-03-26,Res. de Adjudicacion (nota)Contrato/Orden de Compra/Orden de ServicioActa o informe de recepcion definitiva,FORM 400FORM 500,Ver Ficha,Lorgio Peinado Justiniano (Telf: 3636300/3-3332760 /3636256), ,,   - , ,2020-03-03,Santa Cruz,NB-SABS (D.S.0181)
20-0907-00-1037655-1-1,Gobierno Autónomo Departamental De Santa Cruz,Bienes,ANPP,Adquisición De Microcubetas Para El Banco De Sangre Regional Santa Cruz,Desierto,2020-04-09,2020-03-30,Documento Base de ContratacionConvocatoriaAprobación de la entidad para elaboración del DBC (no existe modelo del Organo Rector)Informe de la Comision/Responsable de EvaluacionRes. de Desierta (nota),FORM 100FORM 170,Ver Ficha,Maria Asunta Ortuno Cespedes (Telf: 3636300/3-3332760 /3636256), ,,   - , ,2020-04-15,Santa Cruz,NB-SABS (D.S.0181)
20-0907-00-1037657-1-1,Gobierno Autónomo Departamental De Santa Cruz,Bienes,ANPE,Adquisición De Alimentación Hospitalaria  Para El Banco De Sangre Regional Santa Cruz.,Contratado,2020-04-03,2020-03-30,Documento Base de ContratacionConvocatoriaAprobación de la entidad para elaboración del DBC (no existe modelo del Organo Rector)Res. de Adjudicacion (nota)Informe de la Comision/Responsable de EvaluacionContrato/Orden de Compra/Orden de Servicio,FORM 100FORM 170FORM 200,Ver Ficha,Maria Asunta Ortuno Cespedes (Telf: 3636300/3-3332760 /3636256), ,,   - , ,2020-04-03,Santa Cruz,NB-SABS (D.S.0181)
20-0907-00-1037839-1-1,Gobierno Autónomo Departamental De Santa Cruz,Bienes,ANPE,Adquisicion De Insumos Hospitalarios  Para El Banco De Sangre Regional Santa Cruz.,Contratado,2020-04-09,2020-04-03,ConvocatoriaDocumento Base de ContratacionAprobación de la entidad para elaboración del DBC (no existe modelo del Organo Rector)Informe de la Comision/Responsable de EvaluacionRes. de Adjudicacion (nota)Contrato/Orden de Compra/Orden de ServicioContrato/Orden de Compra/Orden de Servicio,FORM 100FORM 170FORM 200,Ver Ficha,Maria Asunta Ortuno Cespedes (Telf: 3636300/3-3332760 /3636256), ,,   - , ,2020-04-15,Santa Cruz,NB-SABS (D.S.0181)
20-0907-00-1037895-1-1,Gobierno Autónomo Departamental De Santa Cruz,Bienes,ANPE,Adquisición De Productos De Plástico Y Vidrio Para El  Banco De Sangre Regional Santa Cruz.,Contratado,2020-04-13,2020-04-06,ConvocatoriaAprobación de la entidad para elaboración del DBC (no existe modelo del Organo Rector)Documento Base de ContratacionRes. de Adjudicacion (nota)Informe de la Comision/Responsable de EvaluacionContrato/Orden de Compra/Orden de Servicio,FORM 100FORM 170FORM 200,Ver Ficha,Maria Asunta Ortuno Cespedes (Telf: 3636300/3-3332760 /3636256), ,,   - , ,2020-04-15,Santa Cruz,NB-SABS (D.S.0181)
20-0907-00-1037563-0-E,Gobierno Autónomo Departamental De Santa Cruz,Bienes,CM,Adquisicion De Papel Grifado Para El Almacen Del Hospital San Juan De Dios,Contratado,,2020-04-09,Res. de Adjudicacion (nota)Contrato/Orden de Compra/Orden de ServicioActa o informe de recepcion definitiva,FORM 400FORM 500,Ver Ficha,Lorgio Peinado Justiniano (Telf: 3636300/3-3332760 /3636256), ,,   - , ,2020-03-06,Santa Cruz,NB-SABS (D.S.0181)
20-0907-00-1037564-0-E,Gobierno Autónomo Departamental De Santa Cruz,Bienes,CM,Adquisiciã??????N De Guantes Quirã??????Rgicos Tala 6 1/2 Y 7 Para El Almacã??????N Del Hospital San Juan De Dios Gestiã??????N 2020,Contratado,,2020-04-13,Res. de Adjudicacion (nota)Contrato/Orden de Compra/Orden de ServicioActa o informe de recepcion definitiva,FORM 400FORM 500,Ver Ficha,Lorgio Peinado Justiniano (Telf: 3636300/3-3332760 /3636256), ,,   - , ,2020-03-06,Santa Cruz,NB-SABS (D.S.0181)
20-0907-00-1038172-1-1,Gobierno Autónomo Departamental De Santa Cruz,Bienes,ANPE,Material De Limpieza Para El Banco De Sangre Regional Santa Cruz,Contratado,2020-04-17,2020-04-13,ConvocatoriaDocumento Base de ContratacionAprobación de la entidad para elaboración del DBC (no existe modelo del Organo Rector)Res. de Adjudicacion (nota)Informe de la Comision/Responsable de EvaluacionContrato/Orden de Compra/Orden de Servicio,FORM 100FORM 170FORM 200,Ver Ficha,Maria Asunta Ortuno Cespedes (Telf: 3636300/3-3332760 /3636256), ,,   - , ,2020-04-20,Santa Cruz,NB-SABS (D.S.0181)
19-0907-00-1038303-0-E,Gobierno Autónomo Departamental De Santa Cruz,Bienes,CM,Adquisicion De Cateteres Venoso Central 4 French Para La Farmacia Del Hospital De Niños Dr. Mario Ortiz Suarez Gestion 2019,Contratado,,2020-04-15,Contrato/Orden de Compra/Orden de ServicioRes. de Adjudicacion (nota)Acta o informe de recepcion definitiva,FORM 400FORM 500,Ver Ficha,Pura Patricia Lopez Paz (Telf: 3636300/3-3332760 /3636256), ,,   - , ,2019-12-13,Santa Cruz,NB-SABS (D.S.0181)
19-0907-00-1038619-0-E,Gobierno Autónomo Departamental De Santa Cruz,Bienes,CM,Adquisicion De Cateteres Para La Farmacia Del Hospital De Ninos Dr. Mario Ortiz Suarez 2019,Contratado,,2020-04-21,Res. de Adjudicacion (nota)Contrato/Orden de Compra/Orden de ServicioActa o informe de recepcion definitiva,FORM 400FORM 500,Ver Ficha,Pura Patricia Lopez Paz (Telf: 3636300/3-3332760 /3636256), ,,   - , ,2019-12-18,Santa Cruz,NB-SABS (D.S.0181)
19-0907-00-1038607-0-E,Gobierno Autónomo Departamental De Santa Cruz,Bienes,CM,Adquision De Colistina Para La Farmacia Del Hospital De Niã??Os Dr. Mario Ortiz Suarez Gestion 2019,Contratado,,2020-04-21,Contrato/Orden de Compra/Orden de ServicioRes. de Adjudicacion (nota)Acta o informe de recepcion definitiva,FORM 400FORM 500,Ver Ficha,Pura Patricia Lopez Paz (Telf: 3636300/3-3332760 /3636256), ,,   - , ,2019-12-18,Santa Cruz,NB-SABS (D.S.0181)
19-0907-00-1038627-0-E,Gobierno Autónomo Departamental De Santa Cruz,Bienes,CM,Adquisicion De Reactivo Para El Area De Bacteriologia Para El Servicio De Laboratorio Del Hospital De Niã??Os Dr Mario Ortiz Suarez Gestion 2019,Contratado,,2020-04-21,Contrato/Orden de Compra/Orden de ServicioRes. de Adjudicacion (nota)Acta o informe de recepcion definitiva,FORM 400FORM 500,Ver Ficha,Pura Patricia Lopez Paz (Telf: 3636300/3-3332760 /3636256), ,,   - , ,2019-12-20,Santa Cruz,NB-SABS (D.S.0181)
19-0907-00-1038695-0-E,Gobierno Autónomo Departamental De Santa Cruz,Bienes,CM,Adquisicion De Medicamentos Para Nutricion Parenteral Para La Farmacia Del Hospital De Niã??Os Dr. Mario Ortiz Suarez Gestion 2019,Contratado,,2020-04-22,Contrato/Orden de Compra/Orden de ServicioRes. de Adjudicacion (nota)Acta o informe de recepcion definitiva,FORM 400FORM 500,Ver Ficha,Pura Patricia Lopez Paz (Telf: 3636300/3-3332760 /3636256), ,,   - , ,2019-12-13,Santa Cruz,NB-SABS (D.S.0181)
19-0907-00-1038758-0-E,Gobierno Autónomo Departamental De Santa Cruz,Bienes,CM,Adquisicion De Compresas 40 Cm X 40 Cm Para El Servicio De Esterilizacion Del Hospital De Niños Dr. Mario Ortiz Suarez Gestion 2019,Contratado,,2020-04-22,Contrato/Orden de Compra/Orden de ServicioRes. de Adjudicacion (nota)Acta o informe de recepcion definitiva,FORM 400FORM 500,Ver Ficha,Pura Patricia Lopez Paz (Telf: 3636300/3-3332760 /3636256), ,,   - , ,2019-12-12,Santa Cruz,NB-SABS (D.S.0181)
19-0907-00-1038715-0-E,Gobierno Autónomo Departamental De Santa Cruz,Bienes,CM,Compra De Tela Tipo Sms De Polipropilena Para El Servico De Esterilizacon Para El Hospital Dr. Mario Ortiz Suarez Gestion 2019,Contratado,,2020-04-22,Res. de Adjudicacion (nota)Contrato/Orden de Compra/Orden de ServicioActa o informe de recepcion definitiva,FORM 400FORM 500,Ver Ficha,Pura Patricia Lopez Paz (Telf: 3636300/3-3332760 /3636256), ,,   - , ,2019-12-16,Santa Cruz,NB-SABS (D.S.0181)
19-0907-00-1038658-0-E,Gobierno Autónomo Departamental De Santa Cruz,Bienes,CM,Adquisicion De Inmunoglobulina Humana Normal Para La Farmacia Del Hospital De Niã??Os Dr.Mario Ortiz Suarez Gestion 2019,Contratado,,2020-04-22,Res. de Adjudicacion (nota)Contrato/Orden de Compra/Orden de ServicioActa o informe de recepcion definitiva,FORM 400FORM 500,Ver Ficha,Pura Patricia Lopez Paz (Telf: 3636300/3-3332760 /3636256), ,,   - , ,2019-12-12,Santa Cruz,NB-SABS (D.S.0181)
19-0907-00-1038664-0-E,Gobierno Autónomo Departamental De Santa Cruz,Bienes,CM,Adquisicion De Insumos Varios De Limpieza Para Los Diferentes Servicios Del Hospital De Niã??Os Dr. Mario Ortiz Suarez Gestion 2019,Contratado,,2020-04-22,Res. de Adjudicacion (nota)Contrato/Orden de Compra/Orden de ServicioActa o informe de recepcion definitiva,FORM 400FORM 500,Ver Ficha,Pura Patricia Lopez Paz (Telf: 3636300/3-3332760 /3636256), ,,   - , ,2019-12-12,Santa Cruz,NB-SABS (D.S.0181)
19-0907-00-1038821-0-E,Gobierno Autónomo Departamental De Santa Cruz,Bienes,CM,Adquisicion De Tes De Bowie Dick Para Quirofano Central Del Hospital De Niã?Os Dr.Mario Ortiz Suarez Gestion 2019,Contratado,,2020-04-23,Res. de Adjudicacion (nota)Contrato/Orden de Compra/Orden de ServicioActa o informe de recepcion definitiva,FORM 400FORM 500,Ver Ficha,Pura Patricia Lopez Paz (Telf: 3636300/3-3332760 /3636256), ,,   - , ,2019-12-16,Santa Cruz,NB-SABS (D.S.0181)
19-0907-00-1038812-0-E,Gobierno Autónomo Departamental De Santa Cruz,Bienes,CM,Adquisicion De Test De Bowie Dick Para Quirofano De Quemado Del Hospital De Niã?Os Dr. Mario Ortiz Suarez Gestion 2019,Contratado,,2020-04-23,Contrato/Orden de Compra/Orden de ServicioRes. de Adjudicacion (nota)Acta o informe de recepcion definitiva,FORM 400FORM 500,Ver Ficha,Pura Patricia Lopez Paz (Telf: 3636300/3-3332760 /3636256), ,,   - , ,2019-12-16,Santa Cruz,NB-SABS (D.S.0181)
19-0907-00-1038779-0-E,Gobierno Autónomo Departamental De Santa Cruz,Bienes,CM,Adquisicion De Mangas Mixtas Para El Servicio De Esterilizacion Para El Hospital Dr. Mario Ortiz Suarez Gestion 2019,Contratado,,2020-04-23,Res. de Adjudicacion (nota)Contrato/Orden de Compra/Orden de ServicioActa o informe de recepcion definitiva,FORM 400FORM 500,Ver Ficha,Pura Patricia Lopez Paz (Telf: 3636300/3-3332760 /3636256), ,,   - , ,2019-12-18,Santa Cruz,NB-SABS (D.S.0181)
19-0907-00-1038794-0-E,Gobierno Autónomo Departamental De Santa Cruz,Bienes,CM,Compra De Bolsas Negras Y Rojas Grandes Para Las Diferentes Salas Del Hospital De Niños Dr. Mario Ortiz Suarez Gestion 2019,Contratado,,2020-04-23,Contrato/Orden de Compra/Orden de ServicioRes. de Adjudicacion (nota)Acta o informe de recepcion definitiva,FORM 400FORM 500,Ver Ficha,Pura Patricia Lopez Paz (Telf: 3636300/3-3332760 /3636256), ,,   - , ,2019-06-24,Santa Cruz,NB-SABS (D.S.0181)
19-0907-00-1038789-0-E,Gobierno Autónomo Departamental De Santa Cruz,Bienes,CM,Compra De Biologicos Y Papel De Grado Medico Para El Servicio De Esterilizacion Para El Hospital Dr. Mario Ortiz Suarez Gestion 2019,Contratado,,2020-04-23,Contrato/Orden de Compra/Orden de ServicioRes. de Adjudicacion (nota)Acta o informe de recepcion definitiva,FORM 400FORM 500,Ver Ficha,Pura Patricia Lopez Paz (Telf: 3636300/3-3332760 /3636256), ,,   - , ,2019-12-16,Santa Cruz,NB-SABS (D.S.0181)
19-0907-00-1038829-0-E,Gobierno Autónomo Departamental De Santa Cruz,Bienes,CM,Compra De Cintas Clase 1 Y Cartucho Con Oxido De Etileno Para El Servicio De Esterilizacion Para El Hospital Dr. Mario Ortiz Suarez Gestion 2019,Contratado,,2020-04-23,Res. de Adjudicacion (nota)Contrato/Orden de Compra/Orden de ServicioActa o informe de recepcion definitiva,FORM 400FORM 500,Ver Ficha,Pura Patricia Lopez Paz (Telf: 3636300/3-3332760 /3636256), ,,   - , ,2019-12-16,Santa Cruz,NB-SABS (D.S.0181)
20-0907-00-1038489-0-E,Gobierno Autónomo Departamental De Santa Cruz,Bienes,CM,Adquisicion De Materiales De Limpieza Para El Almacen Del Hospital San Juan De Dios,Contratado,,2020-04-23,Res. de Adjudicacion (nota)Contrato/Orden de Compra/Orden de ServicioActa o informe de recepcion definitiva,FORM 400FORM 500,Ver Ficha,Lorgio Peinado Justiniano (Telf: 3636300/3-3332760 /3636256), ,,   - , ,2020-04-03,Santa Cruz,NB-SABS (D.S.0181)
20-0907-00-1038898-0-E,Gobierno Autónomo Departamental De Santa Cruz,Servicios Generales,CM,Mantenimiento De Equipos De Computaciã?N Para El Banco De Sangre Regional Santa Cruz,Contratado,,2020-04-24,Res. de Adjudicacion (nota)Res. de Adjudicacion (nota)Contrato/Orden de Compra/Orden de ServicioContrato/Orden de Compra/Orden de Servicio,FORM 400,Ver Ficha,Maria Asunta Ortuno Cespedes (Telf: 3636300/3-3332760 /3636256), ,,   - , ,2020-03-18,Santa Cruz,NB-SABS (D.S.0181)
19-0907-00-1038896-0-E,Gobierno Autónomo Departamental De Santa Cruz,Bienes,CM,Adquisicion De Apositos Y Gasas Para El Servicio De Esterilizacion Del Hospital De Niã??Os Dr. Mario Ortiz Suarez Gestion 2019,Contratado,,2020-04-24,Contrato/Orden de Compra/Orden de ServicioRes. de Adjudicacion (nota)Acta o informe de recepcion definitiva,FORM 400FORM 500,Ver Ficha,Pura Patricia Lopez Paz (Telf: 3636300/3-3332760 /3636256), ,,   - , ,2019-12-16,Santa Cruz,NB-SABS (D.S.0181)
19-0907-00-1038948-0-E,Gobierno Autónomo Departamental De Santa Cruz,Bienes,CM,Adquisicion De Meropenem Para La Farmacia Del Hospital De Niã??Os Dr. Mario Ortiz Suarez Gestion 2019,Contratado,,2020-04-27,Res. de Adjudicacion (nota)Contrato/Orden de Compra/Orden de ServicioActa o informe de recepcion definitiva,FORM 400FORM 500,Ver Ficha,Pura Patricia Lopez Paz (Telf: 3636300/3-3332760 /3636256), ,,   - , ,2019-12-12,Santa Cruz,NB-SABS (D.S.0181)
19-0907-00-1038950-0-E,Gobierno Autónomo Departamental De Santa Cruz,Bienes,CM,"Adquisicion De Guantes Quirurgicos 6,5, 7 Y 8 Para Las Diferentes Salas Del Hospital De Niã?Os Dr. Mario  Ortix Suarez Gestion 2019",Contratado,,2020-04-27,Res. de Adjudicacion (nota)Contrato/Orden de Compra/Orden de ServicioActa o informe de recepcion definitiva,FORM 400FORM 500,Ver Ficha,Pura Patricia Lopez Paz (Telf: 3636300/3-3332760 /3636256), ,,   - , ,2019-12-16,Santa Cruz,NB-SABS (D.S.0181)
19-0907-00-1038947-0-E,Gobierno Autónomo Departamental De Santa Cruz,Servicios Generales,CM,"Mantenimiento, Impermeabilizado Y Reparacion Del Edificio Del Hospital De Niã??Os Dr. Mario Ortiz Suarez Gestion 2019",Contratado,,2020-04-27,Res. de Adjudicacion (nota)Contrato/Orden de Compra/Orden de ServicioActa o informe de recepcion definitiva,FORM 400FORM 500,Ver Ficha,Pura Patricia Lopez Paz (Telf: 3636300/3-3332760 /3636256), ,,   - , ,2019-06-28,Santa Cruz,NB-SABS (D.S.0181)
19-0907-00-1038944-0-E,Gobierno Autónomo Departamental De Santa Cruz,Bienes,CM,Compra De Productos Metalicos Para El Servicio De Mantenimiento Del Hospital De Niã???Os Dr. Mario Ortiz Suarez Gestion 2019,Contratado,,2020-04-27,Contrato/Orden de Compra/Orden de ServicioRes. de Adjudicacion (nota),FORM 400,Ver Ficha,Pura Patricia Lopez Paz (Telf: 3636300/3-3332760 /3636256), ,,   - , ,2019-07-16,Santa Cruz,NB-SABS (D.S.0181)
19-0907-00-1038946-0-E,Gobierno Autónomo Departamental De Santa Cruz,Servicios Generales,CM,"Mantenimiento, Reparacion E Impermeabilizado Del Servicio De Quirofano Del Hospital De Niã?Os  Dr. Mario Ortiz Suarez Gestion 2019",Contratado,,2020-04-27,Contrato/Orden de Compra/Orden de ServicioRes. de Adjudicacion (nota)Acta o informe de recepcion definitiva,FORM 400FORM 500,Ver Ficha,Pura Patricia Lopez Paz (Telf: 3636300/3-3332760 /3636256), ,,   - , ,2019-09-06,Santa Cruz,NB-SABS (D.S.0181)
19-0907-00-1038955-0-E,Gobierno Autónomo Departamental De Santa Cruz,Bienes,CM,Adquisicion De Material De Osteosintesis  Para La Farmacia Del Hospital De Niã?Os Dr. Mario Ortiz Suarez Gestion 2019,Contratado,,2020-04-27,Res. de Adjudicacion (nota)Contrato/Orden de Compra/Orden de ServicioActa o informe de recepcion definitiva,FORM 400FORM 500,Ver Ficha,Pura Patricia Lopez Paz (Telf: 3636300/3-3332760 /3636256), ,,   - , ,2019-12-17,Santa Cruz,NB-SABS (D.S.0181)
19-0907-00-1038942-0-E,Gobierno Autónomo Departamental De Santa Cruz,Bienes,CM,Adquisicion De Electrolitos Para El Servicio De Laboratorio Del Hospital De Niã?Os Dr. Mario Ortiz Suarez Gestion 2019,Contratado,,2020-04-27,Contrato/Orden de Compra/Orden de ServicioRes. de Adjudicacion (nota)Acta o informe de recepcion definitiva,FORM 400FORM 500,Ver Ficha,Pura Patricia Lopez Paz (Telf: 3636300/3-3332760 /3636256), ,,   - , ,2019-12-19,Santa Cruz,NB-SABS (D.S.0181)
19-0907-00-1038941-0-E,Gobierno Autónomo Departamental De Santa Cruz,Bienes,CM,Adquisicion De Sondas Para La Farmacia Del Hospital De Ninos Dr. Mario Ortiz Suarez Gestion 2019,Contratado,,2020-04-27,Contrato/Orden de Compra/Orden de ServicioRes. de Adjudicacion (nota)Acta o informe de recepcion definitiva,FORM 400FORM 500,Ver Ficha,Pura Patricia Lopez Paz (Telf: 3636300/3-3332760 /3636256), ,,   - , ,2019-11-20,Santa Cruz,NB-SABS (D.S.0181)
19-0907-00-1038943-0-E,Gobierno Autónomo Departamental De Santa Cruz,Bienes,CM,Adquisicion De Reactivos Para El Area  De Hematologia Para El Servicio De Laboratorio Del Hospital De Niã???Os Dr. Mario Ortiz Suarez Gestion 2019,Contratado,,2020-04-27,Contrato/Orden de Compra/Orden de ServicioRes. de Adjudicacion (nota)Acta o informe de recepcion definitiva,FORM 400FORM 500,Ver Ficha,Pura Patricia Lopez Paz (Telf: 3636300/3-3332760 /3636256), ,,   - , ,2019-12-19,Santa Cruz,NB-SABS (D.S.0181)
19-0907-00-1038953-0-E,Gobierno Autónomo Departamental De Santa Cruz,Bienes,CM,Adquisicion De Insumos Varios 1 Para La Farmacia  Del Hospital De Niã?Os Dr. Mario Ortiz Suarez Gestion 2019,Contratado,,2020-04-27,Contrato/Orden de Compra/Orden de ServicioRes. de Adjudicacion (nota)Acta o informe de recepcion definitiva,FORM 400FORM 500,Ver Ficha,Pura Patricia Lopez Paz (Telf: 3636300/3-3332760 /3636256), ,,   - , ,2019-12-12,Santa Cruz,NB-SABS (D.S.0181)
19-0907-00-1038957-0-E,Gobierno Autónomo Departamental De Santa Cruz,Bienes,CM,Adquisicion De Insumos Varios Para La Farmacia Del Hospital De Niã??Os Dr. Mario Ortiz Suarez Gestion 2019,Contratado,,2020-04-28,Contrato/Orden de Compra/Orden de ServicioRes. de Adjudicacion (nota)Acta o informe de recepcion definitiva,FORM 400FORM 500,Ver Ficha,Pura Patricia Lopez Paz (Telf: 3636300/3-3332760 /3636256), ,,   - , ,2019-12-19,Santa Cruz,NB-SABS (D.S.0181)
19-0907-00-1038952-0-E,Gobierno Autónomo Departamental De Santa Cruz,Bienes,CM,Adquisicion De Medicamentos Antibacteriano Para La Farmacia Del Hospital De Niã?Os  Dr. Mario Ortiz Suarez Gestion 2019,Contratado,,2020-04-28,Contrato/Orden de Compra/Orden de ServicioRes. de Adjudicacion (nota)Acta o informe de recepcion definitiva,FORM 400FORM 500,Ver Ficha,Pura Patricia Lopez Paz (Telf: 3636300/3-3332760 /3636256), ,,   - , ,2019-12-18,Santa Cruz,NB-SABS (D.S.0181)
20-0907-00-1039119-1-1,Gobierno Autónomo Departamental De Santa Cruz,Bienes,ANPE,Adquisición De Toner Y Cartuchos Para El Almacen Del Hospital San Juan De Dios Gestión 2020,Contratado,2020-05-05,2020-04-28,Documento Base de ContratacionConvocatoriaRes. de Adjudicacion (nota)Informe de la Comision/Responsable de EvaluacionContrato/Orden de Compra/Orden de ServicioActa o informe de recepcion definitiva,FORM 100FORM 170FORM 200FORM 500,Ver Ficha,Lorgio Peinado Justiniano (Telf: 3636300/3-3332760 /3636256), ,,   - , ,2020-05-08,Santa Cruz,NB-SABS (D.S.0181)
19-0907-00-1039261-0-E,Gobierno Autónomo Departamental De Santa Cruz,Servicios Generales,CM,Mantenimiento De Equipo De Computacion Para El Hospital De Ninos Dr. Mario Ortiz Suarez Gestion 2019,Contratado,,2020-04-29,Contrato/Orden de Compra/Orden de ServicioRes. de Adjudicacion (nota)Acta o informe de recepcion definitiva,FORM 400FORM 500,Ver Ficha,Pura Patricia Lopez Paz (Telf: 3636300/3-3332760 /3636256), ,,   - , ,2019-04-23,Santa Cruz,NB-SABS (D.S.0181)
19-0907-00-1038956-0-E,Gobierno Autónomo Departamental De Santa Cruz,Bienes,CM,"Adquisicion De Hojas Membretadas, Sobres Manilas Membretadas, Diferentes Tarjetas Y Stickers  Para Los Diferentes Servicios Del Hospital De Ninos Dr. Mario Ortiz  Suarez Gestion 2019",Contratado,,2020-04-29,Contrato/Orden de Compra/Orden de ServicioRes. de Adjudicacion (nota)Acta o informe de recepcion definitiva,FORM 400FORM 500,Ver Ficha,Pura Patricia Lopez Paz (Telf: 3636300/3-3332760 /3636256), ,,   - , ,2019-12-17,Santa Cruz,NB-SABS (D.S.0181)
19-0907-00-1039231-0-E,Gobierno Autónomo Departamental De Santa Cruz,Bienes,CM,Adquisicion De Formulario Para Los Diferentes Servicios Del Hospital De Ninos Dr. Mario Ortiz Suarez Gestion 2019,Contratado,,2020-04-29,Contrato/Orden de Compra/Orden de ServicioRes. de Adjudicacion (nota)Acta o informe de recepcion definitiva,FORM 400FORM 500,Ver Ficha,Pura Patricia Lopez Paz (Telf: 3636300/3-3332760 /3636256), ,,   - , ,2019-12-13,Santa Cruz,NB-SABS (D.S.0181)
20-0907-00-1039510-1-1,Gobierno Autónomo Departamental De Santa Cruz,Bienes,ANPE,Adquisición De Material De Escritorio Para El Banco De Sangre Regional Santa Cruz,Contratado,2020-05-08,2020-05-04,ConvocatoriaAprobación de la entidad para elaboración del DBC (no existe modelo del Organo Rector)Documento Base de ContratacionInforme de la Comision/Responsable de EvaluacionRes. de Adjudicacion (nota)Contrato/Orden de Compra/Orden de Servicio,FORM 100FORM 170FORM 200,Ver Ficha,Maria Asunta Ortuno Cespedes (Telf: 3636300/3-3332760 /3636256), ,,   - , ,2020-05-11,Santa Cruz,NB-SABS (D.S.0181)
20-0907-00-1039579-0-E,Gobierno Autónomo Departamental De Santa Cruz,Bienes,CM,Medicamentos Y Otros,Contratado,,2020-05-05,Res. de Adjudicacion (nota)Contrato/Orden de Compra/Orden de Servicio,FORM 400,Ver Ficha,Rodrigo Suarez Rodas (Telf: 3636300/3-3332760 /3636256), ,,   - , ,2020-05-04,Santa Cruz,NB-SABS (D.S.0181)
20-0907-00-1039564-0-E,Gobierno Autónomo Departamental De Santa Cruz,Bienes,CM,"Formularios, Historias ClãNicas Y Otros.",Contratado,,2020-05-05,Res. de Adjudicacion (nota)Contrato/Orden de Compra/Orden de Servicio,FORM 400,Ver Ficha,Rodrigo Suarez Rodas (Telf: 3636300/3-3332760 /3636256), ,,   - , ,2020-04-13,Santa Cruz,NB-SABS (D.S.0181)
20-0907-00-1039674-0-E,Gobierno Autónomo Departamental De Santa Cruz,Bienes,CM,Adquisicion De Apositos Y Gasas,Contratado,,2020-05-06,Contrato/Orden de Compra/Orden de ServicioRes. de Adjudicacion (nota),FORM 400,Ver Ficha,Rodrigo Suarez Rodas (Telf: 3636300/3-3332760 /3636256), ,,   - , ,2020-05-04,Santa Cruz,NB-SABS (D.S.0181)
20-0907-00-1039761-0-E,Gobierno Autónomo Departamental De Santa Cruz,Bienes,CM,Productos Quimicos,Contratado,,2020-05-07,Contrato/Orden de Compra/Orden de ServicioRes. de Adjudicacion (nota),FORM 400,Ver Ficha,Rodrigo Suarez Rodas (Telf: 3636300/3-3332760 /3636256), ,,   - , ,2020-05-04,Santa Cruz,NB-SABS (D.S.0181)
20-0907-00-1039892-0-E,Gobierno Autónomo Departamental De Santa Cruz,Bienes,CM,Insumos Para Desinfeccion De Equipos Medicos,Contratado,,2020-05-08,Res. de Adjudicacion (nota)Contrato/Orden de Compra/Orden de Servicio,FORM 400,Ver Ficha,Rodrigo Suarez Rodas (Telf: 3636300/3-3332760 /3636256), ,,   - , ,2020-05-06,Santa Cruz,NB-SABS (D.S.0181)
20-0907-00-1039857-0-E,Gobierno Autónomo Departamental De Santa Cruz,Bienes,CM,Ropa Quirúrgica Para Cesárea,Contratado,,2020-05-08,Res. de Adjudicacion (nota)Contrato/Orden de Compra/Orden de Servicio,FORM 400,Ver Ficha,Rodrigo Suarez Rodas (Telf: 3636300/3-3332760 /3636256), ,,   - , ,2020-05-04,Santa Cruz,NB-SABS (D.S.0181)
20-0907-00-1039889-0-E,Gobierno Autónomo Departamental De Santa Cruz,Bienes,CM,Insumos De Proteccion Personal,Contratado,,2020-05-08,Res. de Adjudicacion (nota)Contrato/Orden de Compra/Orden de Servicio,FORM 400,Ver Ficha,Rodrigo Suarez Rodas (Telf: 3636300/3-3332760 /3636256), ,,   - , ,2020-05-06,Santa Cruz,NB-SABS (D.S.0181)
20-0907-00-1039887-0-E,Gobierno Autónomo Departamental De Santa Cruz,Bienes,CM,Insumos De Esterilización,Contratado,,2020-05-08,Contrato/Orden de Compra/Orden de ServicioRes. de Adjudicacion (nota),FORM 400,Ver Ficha,Rodrigo Suarez Rodas (Telf: 3636300/3-3332760 /3636256), ,,   - , ,2020-05-06,Santa Cruz,NB-SABS (D.S.0181)
20-0907-00-1040058-1-1,Gobierno Autónomo Departamental De Santa Cruz,Bienes,ANPP,Adquisición De Kit De Aferesis 2 Para El Banco De Sangre Regional Santa Cruz,Contratado,2020-05-21,2020-05-11,Documento Base de ContratacionConvocatoriaAprobación de la entidad para elaboración del DBC (no existe modelo del Organo Rector)Res. de Adjudicacion (nota)Informe de la Comision/Responsable de EvaluacionContrato/Orden de Compra/Orden de Servicio,FORM 100FORM 170FORM 200,Ver Ficha,Maria Asunta Ortuno Cespedes (Telf: 3636300/3-3332760 /3636256), ,,   - , ,2020-05-25,Santa Cruz,NB-SABS (D.S.0181)
20-0907-00-1040043-1-1,Gobierno Autónomo Departamental De Santa Cruz,Bienes,ANPE,"Adquisición De Reactivos De Laboratorio, Anti A, B, D, Ab, Rhesus Control  Para El Banco De Sangre Regional Santa Cruz.",Contratado,2020-05-15,2020-05-11,ConvocatoriaDocumento Base de ContratacionAprobación de la entidad para elaboración del DBC (no existe modelo del Organo Rector)Res. de Adjudicacion (nota)Informe de la Comision/Responsable de EvaluacionContrato/Orden de Compra/Orden de Servicio,FORM 100FORM 170FORM 200,Ver Ficha,Maria Asunta Ortuno Cespedes (Telf: 3636300/3-3332760 /3636256), ,,   - , ,2020-05-19,Santa Cruz,NB-SABS (D.S.0181)
20-0907-00-1029897-2-1,Gobierno Autónomo Departamental De Santa Cruz,Bienes,ANPP,"Adquisición De Productos Químicos Y Farmacéuticos, Para Laboratorio De Hematologia 1, Para El Banco De Sangre Regional Santa Cruz.",Contratado,2020-05-21,2020-05-11,ConvocatoriaAprobación de la entidad para elaboración del DBC (no existe modelo del Organo Rector)Documento Base de ContratacionInforme de la Comision/Responsable de EvaluacionRes. de Adjudicacion (nota)Contrato/Orden de Compra/Orden de Servicio,FORM 100FORM 170FORM 200,Ver Ficha,Maria Asunta Ortuno Cespedes (Telf: 3636300/3-3332760 /3636256), ,,   - , ,2020-05-21,Santa Cruz,NB-SABS (D.S.0181)
20-0907-00-1040079-1-1,Gobierno Autónomo Departamental De Santa Cruz,Bienes,LP,Compra De Factor Viii Para El Hospital De Niños Dr. Mario Ortiz Suarez Gestion 2020,Contratado,2020-06-01,2020-05-11,ConvocatoriaDocumento Base de ContratacionResolucion de aprobacion del DBCInforme de la Comision/Responsable de EvaluacionRes. de Adjudicacion (nota)Contrato/Orden de Compra/Orden de Servicio,FORM 100FORM 120FORM 170FORM 200,Ver Ficha,Ivana Andrea Rodriguez Chavarria (Telf: 3636300/3-3332760 /3636256), ,,   - ,18/05/2020 10:00,2020-06-03,Santa Cruz,NB-SABS (D.S.0181)
20-0907-00-1040106-0-E,Gobierno Autónomo Departamental De Santa Cruz,Bienes,CM,Camisones,Contratado,,2020-05-12,Res. de Adjudicacion (nota)Contrato/Orden de Compra/Orden de Servicio,FORM 400,Ver Ficha,Rodrigo Suarez Rodas (Telf: 3636300/3-3332760 /3636256), ,,   - , ,2020-05-07,Santa Cruz,NB-SABS (D.S.0181)
20-0907-00-1040104-0-E,Gobierno Autónomo Departamental De Santa Cruz,Bienes,CM,Tela Cedro,Contratado,,2020-05-12,Res. de Adjudicacion (nota)Contrato/Orden de Compra/Orden de Servicio,FORM 400,Ver Ficha,Rodrigo Suarez Rodas (Telf: 3636300/3-3332760 /3636256), ,,   - , ,2020-05-07,Santa Cruz,NB-SABS (D.S.0181)
20-0907-00-1040102-0-E,Gobierno Autónomo Departamental De Santa Cruz,Bienes,CM,Guantes Desechables,Contratado,,2020-05-12,Res. de Adjudicacion (nota)Contrato/Orden de Compra/Orden de Servicio,FORM 400,Ver Ficha,Rodrigo Suarez Rodas (Telf: 3636300/3-3332760 /3636256), ,,   - , ,2020-05-04,Santa Cruz,NB-SABS (D.S.0181)
20-0907-00-1040258-1-1,Gobierno Autónomo Departamental De Santa Cruz,Bienes,ANPP,"Insumos Varios, Para El Hospital De La Mujer Dr. Percy Boland R.",Contratado,2020-05-25,2020-05-13,Documento Base de ContratacionConvocatoriaInforme de la Comision/Responsable de EvaluacionRes. de Adjudicacion (nota)Contrato/Orden de Compra/Orden de Servicio,FORM 100FORM 170FORM 200,Ver Ficha,Rodrigo Suarez Rodas (Telf: 3636300/3-3332760 /3636256), ,,   - , ,2020-06-04,Santa Cruz,NB-SABS (D.S.0181)
20-0907-00-1040231-1-1,Gobierno Autónomo Departamental De Santa Cruz,Bienes,ANPP,"Medicamentos Varios, Para El Hospital De La Mujer Dr. Percy Boland R.",Adjudicado,2020-05-25,2020-05-13,ConvocatoriaDocumento Base de ContratacionInforme de la Comision/Responsable de EvaluacionRes. de Adjudicacion (nota),FORM 100FORM 170,Ver Ficha,Rodrigo Suarez Rodas (Telf: 3636300/3-3332760 /3636256), ,,   - , ,2020-06-03,Santa Cruz,NB-SABS (D.S.0181)
20-0907-00-1035993-2-1,Gobierno Autónomo Departamental De Santa Cruz,Servicios Generales,ANPE,"Mantenimiento Preventivo Y Correctivo De Tomografo Del Hospital San Juan De Dios, Gestion 2020 (Segunda Publicacion)",Contratado,2020-05-20,2020-05-14,ConvocatoriaDocumento Base de ContratacionInforme de la Comision/Responsable de EvaluacionRes. de Adjudicacion (nota)Contrato/Orden de Compra/Orden de ServicioActa o informe de recepcion definitiva,FORM 100FORM 170FORM 200FORM 500,Ver Ficha,Lorgio Peinado Justiniano (Telf: 3636300/3-3332760 /3636256), ,,   - , ,2020-05-26,Santa Cruz,NB-SABS (D.S.0181)
20-0907-00-1040369-0-E,Gobierno Autónomo Departamental De Santa Cruz,Bienes,CM,"Inmunoderivados Y Otros, Para El Hospital De La Mujer Dr. Percy Boland R.",Contratado,,2020-05-14,Contrato/Orden de Compra/Orden de ServicioRes. de Adjudicacion (nota),FORM 400,Ver Ficha,Rodrigo Suarez Rodas (Telf: 3636300/3-3332760 /3636256), ,,   - , ,2020-05-11,Santa Cruz,NB-SABS (D.S.0181)
20-0907-00-1040368-0-E,Gobierno Autónomo Departamental De Santa Cruz,Bienes,CM,"Insumos Neonatales, Para El Hospital De La Mujer Dr. Percy Boland R.",Contratado,,2020-05-14,Res. de Adjudicacion (nota)Contrato/Orden de Compra/Orden de Servicio,FORM 400,Ver Ficha,Rodrigo Suarez Rodas (Telf: 3636300/3-3332760 /3636256), ,,   - , ,2020-05-11,Santa Cruz,NB-SABS (D.S.0181)
20-0907-00-1040442-1-1,Gobierno Autónomo Departamental De Santa Cruz,Bienes,ANPP,"Reactivos E Insumos De Laboratorio, Para El Hospital De La Mujer Dr. Percy Boland R.",Adjudicado,2020-05-27,2020-05-15,ConvocatoriaDocumento Base de ContratacionRes. de Adjudicacion (nota)Informe de la Comision/Responsable de Evaluacion,FORM 100FORM 170,Ver Ficha,Rodrigo Suarez Rodas (Telf: 3636300/3-3332760 /3636256), ,,   - , ,2020-06-08,Santa Cruz,NB-SABS (D.S.0181)
20-0907-00-1040585-1-1,Gobierno Autónomo Departamental De Santa Cruz,Bienes,ANPE,"Insumos De Enfermeria, Para El Hospital De La Mujer Dr. Percy Boland R.",Contratado,2020-05-22,2020-05-18,ConvocatoriaDocumento Base de ContratacionRes. de Adjudicacion (nota)Informe de la Comision/Responsable de EvaluacionContrato/Orden de Compra/Orden de Servicio,FORM 100FORM 170FORM 200,Ver Ficha,Rodrigo Suarez Rodas (Telf: 3636300/3-3332760 /3636256), ,,   - , ,2020-06-02,Santa Cruz,NB-SABS (D.S.0181)
20-0907-00-1041608-1-1,Gobierno Autónomo Departamental De Santa Cruz,Bienes,ANPP,"Adquisición De Productos Químicos Y Farmacéuticos, Para Laboratorio De  Serología 3,  Para El  Banco De Sangre  Regional Santa Cruz.",Contratado,2020-06-05,2020-05-25,ConvocatoriaDocumento Base de ContratacionRes. de Adjudicacion (nota)Informe de la Comision/Responsable de EvaluacionContrato/Orden de Compra/Orden de ServicioContrato/Orden de Compra/Orden de ServicioContrato/Orden de Compra/Orden de ServicioContrato/Orden de Compra/Orden de Servicio,FORM 100FORM 170FORM 200,Ver Ficha,Kevin Paul Vargas Rivero (Telf: 3636300/3-3332760 /3636256), ,,   - , ,2020-06-15,Santa Cruz,NB-SABS (D.S.0181)
20-0907-00-1042358-1-1,Gobierno Autónomo Departamental De Santa Cruz,Bienes,ANPP,Adquisición De Equipos Médicos Y De Laboratorio 1 Para El Banco De Sangre Regional Santa Cruz.,Contratado,2020-06-12,2020-05-29,Documento Base de ContratacionConvocatoriaInforme de la Comision/Responsable de EvaluacionRes. de Adjudicacion (nota)Contrato/Orden de Compra/Orden de ServicioContrato/Orden de Compra/Orden de Servicio,FORM 100FORM 170FORM 200,Ver Ficha,Kevin Paul Vargas Rivero (Telf: 3636300/3-3332760 /3636256), ,,   - , ,2020-06-19,Santa Cruz,NB-SABS (D.S.0181)
20-0907-00-1042974-1-1,Gobierno Autónomo Departamental De Santa Cruz,Bienes,ANPP,Adquisición De Factor Viii Para Pacientes Del Hospital Con Hemofilia,Contratado,2020-06-17,2020-06-03,Documento Base de ContratacionConvocatoriaRes. de Adjudicacion (nota)Informe de la Comision/Responsable de EvaluacionContrato/Orden de Compra/Orden de Servicio,FORM 100FORM 170FORM 200,Ver Ficha,Kevin Paul Vargas Rivero (Telf: 3636300/3-3332760 /3636256), ,,   - , ,2020-06-25,Santa Cruz,NB-SABS (D.S.0181)
20-0907-00-1042406-0-E,Gobierno Autónomo Departamental De Santa Cruz,Servicios Generales,CM,Mantenimiento De Aires Acondicionados Para El Banco De Sangre Regional Santa Cruz,Contratado,,2020-06-03,Contrato/Orden de Compra/Orden de ServicioRes. de Adjudicacion (nota),FORM 400,Ver Ficha,Maria Asunta Ortuno Cespedes (Telf: 3636300/3-3332760 /3636256), ,,   - , ,2020-05-08,Santa Cruz,NB-SABS (D.S.0181)
20-0907-00-1042872-1-1,Gobierno Autónomo Departamental De Santa Cruz,Bienes,ANPE,"Adquisición De Sabanas Y Otros, Para El Hospital De La Mujer Dr. Percy Boland R.",Adjudicado,2020-06-09,2020-06-03,ConvocatoriaDocumento Base de ContratacionInforme de la Comision/Responsable de EvaluacionRes. de Adjudicacion (nota),FORM 100FORM 170,Ver Ficha,Rodrigo Suarez Rodas (Telf: 3636300/3-3332760 /3636256), ,,   - , ,2020-06-19,Santa Cruz,NB-SABS (D.S.0181)
20-0907-00-1043495-1-1,Gobierno Autónomo Departamental De Santa Cruz,Bienes,ANPP,"Adquisición De Bolsas Colectoras De Sangre 2,  Para El  Banco De Sangre Regional Santa Cruz.",Desierto,2020-06-19,2020-06-05,Documento Base de ContratacionConvocatoriaInforme de la Comision/Responsable de EvaluacionRes. de Desierta (nota),FORM 100FORM 170,Ver Ficha,Kevin Paul Vargas Rivero (Telf: 3636300/3-3332760 /3636256), ,,   - , ,2020-06-29,Santa Cruz,NB-SABS (D.S.0181)
20-0907-00-1042709-1-1,Gobierno Autónomo Departamental De Santa Cruz,Bienes,ANPP,"Adquisición De Ropa De Trabajo Para Funcionarios Administrativos  Del Hospital San Juan De Dios, Gestión 2020",Contratado,2020-06-18,2020-06-05,ConvocatoriaDocumento Base de ContratacionRes. de Adjudicacion (nota)Informe de la Comision/Responsable de EvaluacionContrato/Orden de Compra/Orden de ServicioActa o informe de recepcion definitiva,FORM 100FORM 170FORM 200FORM 500,Ver Ficha,Lorgio Peinado Justiniano (Telf: 3636300/3-3332760 /3636256), ,,   - , ,2020-06-24,Santa Cruz,NB-SABS (D.S.0181)
20-0907-00-1044017-1-1,Gobierno Autónomo Departamental De Santa Cruz,Bienes,ANPP,"Adquisición De Productos Químicos Y Farmacéuticos, Para Laboratorio De Serología 4, Para El Banco De Sangre Regional Santa Cruz.",Contratado,2020-06-24,2020-06-09,Documento Base de ContratacionConvocatoriaRes. de Adjudicacion (nota)Informe de la Comision/Responsable de EvaluacionContrato/Orden de Compra/Orden de ServicioContrato/Orden de Compra/Orden de Servicio,FORM 100FORM 170FORM 200,Ver Ficha,Kevin Paul Vargas Rivero (Telf: 3636300/3-3332760 /3636256), ,,   - , ,2020-07-01,Santa Cruz,NB-SABS (D.S.0181)
20-0907-00-1043881-1-1,Gobierno Autónomo Departamental De Santa Cruz,Servicios Generales,ANPP,"Contratacion De Los Servicios De Lavanderia Y Roperia, Para El Hospital San Juan De Dios, Gestion 2020",Anulado desde la convocatoria,2020-06-22,2020-06-09,Documento Base de ContratacionConvocatoriaResolucion/Documento de Anulacion,FORM 100FORM 100-E,Ver Ficha,Lorgio Peinado Justiniano (Telf: 3636300/3-3332760 /3636256), ,,   - , ,,Santa Cruz,NB-SABS (D.S.0181)
20-0907-00-1043108-1-1,Gobierno Autónomo Departamental De Santa Cruz,Bienes,ANPE,"Adquisición De Ropa De Trabajo Para Enfermeria, Y Mandiles Para Personal Medico",Contratado,2020-06-16,2020-06-09,ConvocatoriaDocumento Base de ContratacionRes. de Adjudicacion (nota)Informe de la Comision/Responsable de EvaluacionContrato/Orden de Compra/Orden de ServicioActa o informe de recepcion definitiva,FORM 100FORM 170FORM 200FORM 500,Ver Ficha,Lorgio Peinado Justiniano (Telf: 3636300/3-3332760 /3636256), ,,   - , ,2020-06-19,Santa Cruz,NB-SABS (D.S.0181)
20-0907-00-1044175-0-E,Gobierno Autónomo Departamental De Santa Cruz,Servicios Generales,CM,Servicio De Mantenimiento Deposito Farmaceutico Hospital San Juan De Dios - Fase 1,Contratado,,2020-06-10,Contrato/Orden de Compra/Orden de ServicioRes. de Adjudicacion (nota)Acta o informe de recepcion definitiva,FORM 400FORM 500,Ver Ficha,Dennis Cuellar Soto (Telf: 3636300/3-3332760 /3636256), ,,   - , ,2020-06-01,Santa Cruz,NB-SABS (D.S.0181)
20-0907-00-1044566-0-E,Gobierno Autónomo Departamental De Santa Cruz,Servicios Generales,CM,Mantenimiento De Heladeras Para El Banco De Sangre Regional Santa Cruz,Contratado,,2020-06-15,Contrato/Orden de Compra/Orden de ServicioRes. de Adjudicacion (nota),FORM 400,Ver Ficha,Maria Asunta Ortuno Cespedes (Telf: 3636300/3-3332760 /3636256), ,,   - , ,2020-06-01,Santa Cruz,NB-SABS (D.S.0181)
20-0907-00-1044732-1-1,Gobierno Autónomo Departamental De Santa Cruz,Consultoria,ANPP,Const. Y Equip. Banco De Sangre H.San Juan De Dios Scz,Contratado,2020-06-29,2020-06-15,ConvocatoriaDocumento Base de ContratacionRes. de Adjudicacion (nota)Informe de la Comision/Responsable de EvaluacionContrato/Orden de Compra/Orden de Servicio,FORM 100FORM 170FORM 200,Ver Ficha,Kevin Paul Vargas Rivero (Telf: 3636300/3-3332760 /3636256), ,,   - , ,2020-07-06,Santa Cruz,NB-SABS (D.S.0181)
20-0907-00-1044279-0-E,Gobierno Autónomo Departamental De Santa Cruz,Bienes,CM,"Adquisicion De Papel Grofado Para El Almacen Del Hsjdd,Gestion 2020",Contratado,,2020-06-18,Res. de Adjudicacion (nota)Contrato/Orden de Compra/Orden de ServicioActa o informe de recepcion definitiva,FORM 400FORM 500,Ver Ficha,Lorgio Peinado Justiniano (Telf: 3636300/3-3332760 /3636256), ,,   - , ,2020-06-03,Santa Cruz,NB-SABS (D.S.0181)
20-0907-00-1046137-1-1,Gobierno Autónomo Departamental De Santa Cruz,Bienes,ANPP,Adquisición De Kit De Aferesis 3 Para El Banco De Sangre Regional Santa Cruz,Contratado,2020-07-03,2020-06-23,ConvocatoriaDocumento Base de ContratacionAprobación de la entidad para elaboración del DBC (no existe modelo del Organo Rector)Res. de Adjudicacion (nota)Informe de la Comision/Responsable de EvaluacionContrato/Orden de Compra/Orden de ServicioActa o informe de recepcion definitiva,FORM 100FORM 170FORM 200FORM 500,Ver Ficha,Maria Asunta Ortuno Cespedes (Telf: 3636300/3-3332760 /3636256), ,,   - , ,2020-07-07,Santa Cruz,NB-SABS (D.S.0181)
20-0907-00-1045403-0-E,Gobierno Autónomo Departamental De Santa Cruz,Bienes,CM,Adquisiciã???N  De Guantes Quirã???Rgico Talla 7 1/2 Y 8 Para El Almacene Del Hospital San Juan De Dios,Contratado,,2020-06-25,Contrato/Orden de Compra/Orden de ServicioRes. de Adjudicacion (nota)Acta o informe de recepcion definitiva,FORM 400FORM 500,Ver Ficha,Lorgio Peinado Justiniano (Telf: 3636300/3-3332760 /3636256), ,,   - , ,2020-02-18,Santa Cruz,NB-SABS (D.S.0181)
20-0907-00-1045396-0-E,Gobierno Autónomo Departamental De Santa Cruz,Bienes,CM,"Adquisicion De Guantes Descartables Talla ""L"" Para El Almacenes Del Hospital San Juan De Dios,Gestion 2020",Contratado,,2020-06-25,Res. de Adjudicacion (nota)Contrato/Orden de Compra/Orden de ServicioActa o informe de recepcion definitiva,FORM 400FORM 500,Ver Ficha,Lorgio Peinado Justiniano (Telf: 3636300/3-3332760 /3636256), ,,   - , ,2020-02-18,Santa Cruz,NB-SABS (D.S.0181)
20-0907-00-1046440-1-1,Gobierno Autónomo Departamental De Santa Cruz,Bienes,ANPP,"Adquisición De 17 Camas De Internación, Que Serán Utilizadas En La Sala De Aislamiento Para Covid -19",Desierto,2020-07-08,2020-06-25,Documento Base de ContratacionConvocatoriaRes. de Desierta (nota)Informe de la Comision/Responsable de Evaluacion,FORM 100FORM 170,Ver Ficha,Kevin Paul Vargas Rivero (Telf: 3636300/3-3332760 /3636256), ,,   - , ,2020-07-15,Santa Cruz,NB-SABS (D.S.0181)
20-0907-00-1043881-1-2,Gobierno Autónomo Departamental De Santa Cruz,Servicios Generales,ANPP,"Contratacion De Los Servicios De Lavanderia Y Roperia, Para El Hospital San Juan De Dios, Gestion 2020 (Segunda Publicacion)",Contratado,2020-07-08,2020-06-26,ConvocatoriaDocumento Base de ContratacionRes. de Adjudicacion (nota)Informe de la Comision/Responsable de EvaluacionContrato/Orden de Compra/Orden de Servicio,FORM 100FORM 170FORM 200,Ver Ficha,Lorgio Peinado Justiniano (Telf: 3636300/3-3332760 /3636256), ,,   - , ,2020-07-14,Santa Cruz,NB-SABS (D.S.0181)
20-0907-00-1047776-1-1,Gobierno Autónomo Departamental De Santa Cruz,Bienes,ANPP,Adquisición De Equipos Médicos Y De Laboratorio 2 Para El Banco De Sangre Regional Santa Cruz.,Adjudicado,2020-07-15,2020-07-02,ConvocatoriaDocumento Base de ContratacionInforme de la Comision/Responsable de EvaluacionRes. de Adjudicacion (nota),FORM 100FORM 170,Ver Ficha,Kevin Paul Vargas Rivero (Telf: 3636300/3-3332760 /3636256), ,,   - , ,2020-07-22,Santa Cruz,NB-SABS (D.S.0181)
20-0907-00-1047862-0-E,Gobierno Autónomo Departamental De Santa Cruz,Bienes,CM,"Adquisición De Guantes Quirúrgicos  N° 6.5 Para El Almacén Del Hospital San Juan De Dios,Para El Seguro Único De Salud (Sus) Según Ley 1152, Gestión 2020",Contratado,,2020-07-06,Res. de Adjudicacion (nota)Contrato/Orden de Compra/Orden de ServicioActa o informe de recepcion definitiva,FORM 400FORM 500,Ver Ficha,Lorgio Peinado Justiniano (Telf: 3636300/3-3332760 /3636256), ,,   - , ,2020-06-26,Santa Cruz,NB-SABS (D.S.0181)
20-0907-00-1048190-0-E,Gobierno Autónomo Departamental De Santa Cruz,Bienes,CM,"Adquisición De Cuerina Para Los Diferentes Servicios Del Hospital San Juan De Dios,Gestión 2020",Contratado,,2020-07-06,Contrato/Orden de Compra/Orden de ServicioRes. de Adjudicacion (nota)Acta o informe de recepcion definitiva,FORM 400FORM 500,Ver Ficha,Lorgio Peinado Justiniano (Telf: 3636300/3-3332760 /3636256), ,,   - , ,2020-06-16,Santa Cruz,NB-SABS (D.S.0181)
20-0907-00-1047911-0-E,Gobierno Autónomo Departamental De Santa Cruz,Bienes,CM,"Adquisición De Sabanas Para Los Servicios De Medicina Interna Y Cirugía,Gestión 2020",Contratado,,2020-07-06,Contrato/Orden de Compra/Orden de ServicioRes. de Adjudicacion (nota)Acta o informe de recepcion definitiva,FORM 400FORM 500,Ver Ficha,Lorgio Peinado Justiniano (Telf: 3636300/3-3332760 /3636256), ,,   - , ,2020-06-16,Santa Cruz,NB-SABS (D.S.0181)
20-0907-00-1047884-0-E,Gobierno Autónomo Departamental De Santa Cruz,Bienes,CM,"Adquisición De Toalla De Costura Para El Servicio De CirugiA Y Medicina Interna,Del Hospital San Juan Ce Dios,Gestion 2020",Contratado,,2020-07-06,Res. de Adjudicacion (nota)Contrato/Orden de Compra/Orden de ServicioActa o informe de recepcion definitiva,FORM 400FORM 500,Ver Ficha,Lorgio Peinado Justiniano (Telf: 3636300/3-3332760 /3636256), ,,   - , ,2020-06-16,Santa Cruz,NB-SABS (D.S.0181)
20-0907-00-1047824-0-E,Gobierno Autónomo Departamental De Santa Cruz,Bienes,CM,"Adquisición De Gasas Quirúrgicas De 45 Cm X 45 Cm Para El Servicio De Esterilización Del Hospital San Juan De Dios,Para El Seguro Único De Salud (Sus) Según Ley 1152,Gestión 2020",Contratado,,2020-07-06,Res. de Adjudicacion (nota)Contrato/Orden de Compra/Orden de ServicioActa o informe de recepcion definitiva,FORM 400FORM 500,Ver Ficha,Lorgio Peinado Justiniano (Telf: 3636300/3-3332760 /3636256), ,,   - , ,2020-06-25,Santa Cruz,NB-SABS (D.S.0181)
20-0907-00-1044638-0-E,Gobierno Autónomo Departamental De Santa Cruz,Bienes,CM,"Adquisición De Sangre De Carnero Fraccionada,Para Preparación De Medios De Cultivo,Para Laboratorio Del Hospital San Juan De Dios,Con Carácter Recurrente Con Cargo Al Presupuesto 2020 Para El Seguro Único De Salud (Sus) Según Ley 1152",Contratado,,2020-07-06,Contrato/Orden de Compra/Orden de ServicioRes. de Adjudicacion (nota)Acta o informe de recepcion definitiva,FORM 400FORM 500,Ver Ficha,Lorgio Peinado Justiniano (Telf: 3636300/3-3332760 /3636256), ,,   - , ,2020-05-22,Santa Cruz,NB-SABS (D.S.0181)
20-0907-00-1047843-0-E,Gobierno Autónomo Departamental De Santa Cruz,Bienes,CM,"Adquisición De Tela Dril Para Elaboración De Campos Simples,Dobles Y Sabanillas Para El Servicio De Hemodinamia Del Hospital San Juan De Dios,Gestión 2020",Contratado,,2020-07-06,Res. de Adjudicacion (nota)Contrato/Orden de Compra/Orden de ServicioActa o informe de recepcion definitiva,FORM 400FORM 500,Ver Ficha,Lorgio Peinado Justiniano (Telf: 3636300/3-3332760 /3636256), ,,   - , ,2020-06-16,Santa Cruz,NB-SABS (D.S.0181)
20-0907-00-1048198-0-E,Gobierno Autónomo Departamental De Santa Cruz,Bienes,CM,"Adquisición De Jeringas De 10 Cc Para El Almacén Del Hospital San Juan De Dios,Para El Seguro Único De Salud (Sus) Según Ley 1152,Gestión 2020",Contratado,,2020-07-08,Res. de Adjudicacion (nota)Contrato/Orden de Compra/Orden de ServicioActa o informe de recepcion definitiva,FORM 400FORM 500,Ver Ficha,Lorgio Peinado Justiniano (Telf: 3636300/3-3332760 /3636256), ,,   - , ,2020-06-18,Santa Cruz,NB-SABS (D.S.0181)
20-0907-00-1046454-0-E,Gobierno Autónomo Departamental De Santa Cruz,Bienes,CM,"Adquisición De Apósitos Quirúrgicos De 17 Cm De Largo X7 Cm De Ancho Para El Servicio De Esterilización Del Hospital San Juan De Dios,Para El Seguro Único De Salud (Sus) Según Ley 1152,Gestión 2020",Contratado,,2020-07-08,Res. de Adjudicacion (nota)Contrato/Orden de Compra/Orden de ServicioActa o informe de recepcion definitiva,FORM 400FORM 500,Ver Ficha,Lorgio Peinado Justiniano (Telf: 3636300/3-3332760 /3636256), ,,   - , ,2020-06-18,Santa Cruz,NB-SABS (D.S.0181)
20-0907-00-1048576-0-E,Gobierno Autónomo Departamental De Santa Cruz,Bienes,CM,"Adquisición De Povidine Tópico Para El Almacén Del Hospital San Juan De Dios,Para El Seguro Único De Salud (Sus) Según Ley 1152,Gestión 2020",Contratado,,2020-07-08,Res. de Adjudicacion (nota)Contrato/Orden de Compra/Orden de ServicioActa o informe de recepcion definitiva,FORM 400FORM 500,Ver Ficha,Lorgio Peinado Justiniano (Telf: 3636300/3-3332760 /3636256), ,,   - , ,2020-06-25,Santa Cruz,NB-SABS (D.S.0181)
20-0907-00-1048824-1-1,Gobierno Autónomo Departamental De Santa Cruz,Bienes,ANPE,Adquisicion De Papel  Para El Banco De Sangre Regional Santa Cruz.,Contratado,2020-07-15,2020-07-09,ConvocatoriaAprobación de la entidad para elaboración del DBC (no existe modelo del Organo Rector)Documento Base de ContratacionInforme de la Comision/Responsable de EvaluacionRes. de Adjudicacion (nota)Contrato/Orden de Compra/Orden de Servicio,FORM 100FORM 170FORM 200,Ver Ficha,Maria Asunta Ortuno Cespedes (Telf: 3636300/3-3332760 /3636256), ,,   - , ,2020-07-20,Santa Cruz,NB-SABS (D.S.0181)
20-0907-00-1048771-0-E,Gobierno Autónomo Departamental De Santa Cruz,Bienes,CM,Adquisición De Hilos De Costura Para El  Servicio De Ropería Del Hospital San Juan De Dios Gestión 2020,Contratado,,2020-07-09,Res. de Adjudicacion (nota)Contrato/Orden de Compra/Orden de ServicioActa o informe de recepcion definitiva,FORM 400FORM 500,Ver Ficha,Lorgio Peinado Justiniano (Telf: 3636300/3-3332760 /3636256), ,,   - , ,2020-06-30,Santa Cruz,NB-SABS (D.S.0181)
20-0907-00-1048784-0-E,Gobierno Autónomo Departamental De Santa Cruz,Bienes,CM,"Adquisición De Bolsas PlaSticas De 35 Cm X 65 Cm,Para El Almacén Del Hospital San Juan De Dios,Gestiona 2020",Contratado,,2020-07-09,Res. de Adjudicacion (nota)Contrato/Orden de Compra/Orden de ServicioActa o informe de recepcion definitiva,FORM 400FORM 500,Ver Ficha,Lorgio Peinado Justiniano (Telf: 3636300/3-3332760 /3636256), ,,   - , ,2020-06-25,Santa Cruz,NB-SABS (D.S.0181)
20-0907-00-1045824-0-E,Gobierno Autónomo Departamental De Santa Cruz,Bienes,CM,Compra De Papel Para Los Diferentes Servicios Del Hospital De Niños Dr. Mario Ortiz Suarez Gestión 2020,Contratado,,2020-07-10,Res. de Adjudicacion (nota)Contrato/Orden de Compra/Orden de ServicioInformeInformeActa o informe de recepcion definitiva,FORM 400FORM 500,Ver Ficha,Maria Rosario Medrano Nuñez (Telf: 3636300/3-3332760 /3636256), ,,   - , ,2020-06-16,Santa Cruz,NB-SABS (D.S.0181)
20-0907-00-1047647-1-1,Gobierno Autónomo Departamental De Santa Cruz,Bienes,ANPE,Compra De Vagones Móviles Para El Servicio De Estadística Del Hospital De Niños Dr. Mario Ortiz Suarez Gestión 2020,Adjudicado,2020-07-16,2020-07-10,ConvocatoriaDocumento Base de ContratacionAprobación de la entidad para elaboración del DBC (no existe modelo del Organo Rector)Informe de la Comision/Responsable de EvaluacionRes. de Adjudicacion (nota),FORM 100FORM 170,Ver Ficha,Vivian Liseth Saucedo Sevilla (Telf: 3636300/3-3332760 /3636256), ,,   - , ,2020-07-23,Santa Cruz,NB-SABS (D.S.0181)
20-0907-00-1048592-0-E,Gobierno Autónomo Departamental De Santa Cruz,Bienes,CM,"Adquisiciã?N De Detergente Para El Almacã?N Del Hospital San Juan De Dios,Gestion 2020",Contratado,,2020-07-10,Res. de Adjudicacion (nota)Contrato/Orden de Compra/Orden de ServicioActa o informe de recepcion definitiva,FORM 400FORM 500,Ver Ficha,Lorgio Peinado Justiniano (Telf: 3636300/3-3332760 /3636256), ,,   - , ,2020-06-25,Santa Cruz,NB-SABS (D.S.0181)
20-0907-00-1049279-0-E,Gobierno Autónomo Departamental De Santa Cruz,Servicios Generales,CM,Mantenimiento Y Reparacion De Tejado ÃRea De Produccion Para El Banco De Sangre Regional Santa Cruz,Contratado,,2020-07-13,Contrato/Orden de Compra/Orden de ServicioRes. de Adjudicacion (nota)Acta o informe de recepcion definitiva,FORM 400FORM 500,Ver Ficha,Maria Asunta Ortuno Cespedes (Telf: 3636300/3-3332760 /3636256), ,,   - , ,2020-06-26,Santa Cruz,NB-SABS (D.S.0181)
20-0907-00-1049501-0-E,Gobierno Autónomo Departamental De Santa Cruz,Bienes,EM,"Compra De Alimentos (Azúcar) Para El Banco De Alimentos Solidarios ""Bas"" Santa Cruz.",Contratado,,2020-07-14,Contrato/Orden de Compra/Orden de ServicioRes. de Adjudicacion (nota)Acta o informe de recepcion definitiva,FORM 400FORM 500,Ver Ficha,Romel Dorado Saravia (Telf: 3636300/3-3332760 /3636256), ,,   - , ,2020-04-18,Santa Cruz,NB-SABS (D.S.0181)
20-0907-00-1049513-0-E,Gobierno Autónomo Departamental De Santa Cruz,Bienes,EM,Compra De Alimentos (Frejol) Para El Banco De Alimentos Solidario (Bas) Santa Cruz,Contratado,,2020-07-14,Res. de Adjudicacion (nota)Contrato/Orden de Compra/Orden de ServicioActa o informe de recepcion definitiva,FORM 400FORM 500,Ver Ficha,Romel Dorado Saravia (Telf: 3636300/3-3332760 /3636256), ,,   - , ,2020-04-20,Santa Cruz,NB-SABS (D.S.0181)
20-0907-00-1049505-0-E,Gobierno Autónomo Departamental De Santa Cruz,Bienes,EM,"Compra De Alimentos (Harina) Para El Banco De Alimentos Solidario ""Bas"" Santa Cruz.",Contratado,,2020-07-14,Contrato/Orden de Compra/Orden de ServicioRes. de Adjudicacion (nota)Acta o informe de recepcion definitiva,FORM 400FORM 500,Ver Ficha,Romel Dorado Saravia (Telf: 3636300/3-3332760 /3636256), ,,   - , ,2020-04-20,Santa Cruz,NB-SABS (D.S.0181)
20-0907-00-1049504-0-E,Gobierno Autónomo Departamental De Santa Cruz,Bienes,EM,"Compra De Alimento (Fideo) Para El Banco De Alimentos Solidario ""Bas"" Santa Cruz.",Contratado,,2020-07-14,Contrato/Orden de Compra/Orden de ServicioRes. de Adjudicacion (nota),FORM 400,Ver Ficha,Romel Dorado Saravia (Telf: 3636300/3-3332760 /3636256), ,,   - , ,2020-04-18,Santa Cruz,NB-SABS (D.S.0181)
20-0907-00-1049546-0-E,Gobierno Autónomo Departamental De Santa Cruz,Bienes,EM,"Compra De Alimentos (Harina) Para El Banco De Alimentos Solidario ""Bas"" Santa Cruz",Contratado,,2020-07-14,Contrato/Orden de Compra/Orden de ServicioRes. de Adjudicacion (nota)Acta o informe de recepcion definitiva,FORM 400FORM 500,Ver Ficha,Romel Dorado Saravia (Telf: 3636300/3-3332760 /3636256), ,,   - , ,2020-04-20,Santa Cruz,NB-SABS (D.S.0181)
20-0907-00-1049487-0-E,Gobierno Autónomo Departamental De Santa Cruz,Bienes,EM,"Compra De Alimentos (Fideo) Para El Banco De Alimentos Solidario ""Bas"" Santa Cruz.",Contratado,,2020-07-14,Res. de Adjudicacion (nota)Contrato/Orden de Compra/Orden de ServicioActa o informe de recepcion definitiva,FORM 400FORM 500,Ver Ficha,Romel Dorado Saravia (Telf: 3636300/3-3332760 /3636256), ,,   - , ,2020-04-18,Santa Cruz,NB-SABS (D.S.0181)
20-0907-00-1049540-0-E,Gobierno Autónomo Departamental De Santa Cruz,Bienes,EM,"Compra De Alimentos (Carne De Cerdo) Para El Banco De Alimentos Solidario ""Bas"" Santa Cruz.",Contratado,,2020-07-14,Contrato/Orden de Compra/Orden de ServicioRes. de Adjudicacion (nota)Acta o informe de recepcion definitiva,FORM 400FORM 500,Ver Ficha,Romel Dorado Saravia (Telf: 3636300/3-3332760 /3636256), ,,   - , ,2020-04-20,Santa Cruz,NB-SABS (D.S.0181)
20-0907-00-1049529-0-E,Gobierno Autónomo Departamental De Santa Cruz,Bienes,EM,"Compra De Alimentos (Arroz) Para El Banco De Alimentos Solidario ""Bas"" Santa Cruz.",Contratado,,2020-07-14,Contrato/Orden de Compra/Orden de ServicioRes. de Adjudicacion (nota)Acta o informe de recepcion definitiva,FORM 400FORM 500,Ver Ficha,Romel Dorado Saravia (Telf: 3636300/3-3332760 /3636256), ,,   - , ,2020-04-20,Santa Cruz,NB-SABS (D.S.0181)
20-0907-00-1047443-0-E,Gobierno Autónomo Departamental De Santa Cruz,Bienes,EM,"Compra De Alimentos (Aceite Comestible) Para El Banco De Alimentos Solidario ""Bas"" Santa Cruz",Contratado,,2020-07-14,Contrato/Orden de Compra/Orden de ServicioRes. de Adjudicacion (nota)Acta o informe de recepcion definitiva,FORM 400FORM 500,Ver Ficha,Romel Dorado Saravia (Telf: 3636300/3-3332760 /3636256), ,,   - , ,2020-04-18,Santa Cruz,NB-SABS (D.S.0181)
20-0907-00-1049542-0-E,Gobierno Autónomo Departamental De Santa Cruz,Bienes,EM,"Compra De Alimentos (Harina Y Arroz) Para El Banco De Alimentos Solidario ""Bas"" Santa Cruz.",Contratado,,2020-07-14,Contrato/Orden de Compra/Orden de ServicioRes. de Adjudicacion (nota)Acta o informe de recepcion definitiva,FORM 400FORM 500,Ver Ficha,Romel Dorado Saravia (Telf: 3636300/3-3332760 /3636256), ,,   - , ,2020-04-20,Santa Cruz,NB-SABS (D.S.0181)
20-0907-00-1049672-0-E,Gobierno Autónomo Departamental De Santa Cruz,Servicios Generales,EM,"Servicios Manuales De Cargue, Descargue, Armado Y Entrega De Las Bolsas De Alimentos Solidarias Del Banco De Alimentos Solidario - Bas",Contratado,,2020-07-15,Res. de Adjudicacion (nota)Contrato/Orden de Compra/Orden de ServicioActa o informe de recepcion definitiva,FORM 400FORM 500,Ver Ficha,Romel Dorado Saravia (Telf: 3636300/3-3332760 /3636256), ,,   - , ,2020-05-02,Santa Cruz,NB-SABS (D.S.0181)
20-0907-00-1049646-0-E,Gobierno Autónomo Departamental De Santa Cruz,Bienes,EM,"Compra De Alimentos (Frejol) Para El Banco De Alimentos Solidario ""Bas"" Santa Cruz.",Contratado,,2020-07-15,Res. de Adjudicacion (nota)Contrato/Orden de Compra/Orden de ServicioActa o informe de recepcion definitiva,FORM 400FORM 500,Ver Ficha,Romel Dorado Saravia (Telf: 3636300/3-3332760 /3636256), ,,   - , ,2020-05-02,Santa Cruz,NB-SABS (D.S.0181)
20-0907-00-1049639-0-E,Gobierno Autónomo Departamental De Santa Cruz,Bienes,EM,"Compra De Alimentos (Azucar) Para El Banco De Alimentos Solidario ""Bas"" Santa Cruz",Contratado,,2020-07-15,Res. de Adjudicacion (nota)Contrato/Orden de Compra/Orden de ServicioActa o informe de recepcion definitiva,FORM 400FORM 500,Ver Ficha,Romel Dorado Saravia (Telf: 3636300/3-3332760 /3636256), ,,   - , ,2020-05-02,Santa Cruz,NB-SABS (D.S.0181)
20-0907-00-1049632-0-E,Gobierno Autónomo Departamental De Santa Cruz,Bienes,EM,"Compra De Alimentos (Azúcar) Para El Banco De Alimentos Solidario ""Bas"" Santa Cruz.",Contratado,,2020-07-15,Res. de Adjudicacion (nota)Contrato/Orden de Compra/Orden de ServicioActa o informe de recepcion definitiva,FORM 400FORM 500,Ver Ficha,Romel Dorado Saravia (Telf: 3636300/3-3332760 /3636256), ,,   - , ,2020-05-02,Santa Cruz,NB-SABS (D.S.0181)
20-0907-00-1049651-0-E,Gobierno Autónomo Departamental De Santa Cruz,Bienes,EM,"Compra De Alimentos (Arroz) Para El Banco De Alimentos Solidario ""Bas"" Santa Cruz.",Contratado,,2020-07-15,Contrato/Orden de Compra/Orden de ServicioRes. de Adjudicacion (nota)Acta o informe de recepcion definitiva,FORM 400FORM 500,Ver Ficha,Romel Dorado Saravia (Telf: 3636300/3-3332760 /3636256), ,,   - , ,2020-05-02,Santa Cruz,NB-SABS (D.S.0181)
20-0907-00-1049616-0-E,Gobierno Autónomo Departamental De Santa Cruz,Bienes,EM,"Compra De Bolsas De Yute Con Impresión Para El Banco De Alimentos Solidario ""Bas"" Santa Cruz.",Contratado,,2020-07-15,Contrato/Orden de Compra/Orden de ServicioRes. de Adjudicacion (nota)Acta o informe de recepcion definitiva,FORM 400FORM 500,Ver Ficha,Romel Dorado Saravia (Telf: 3636300/3-3332760 /3636256), ,,   - , ,2020-04-20,Santa Cruz,NB-SABS (D.S.0181)
20-0907-00-1049660-0-E,Gobierno Autónomo Departamental De Santa Cruz,Servicios Generales,EM,"Fletes De Transporte Para Llevar Las Bolsas De Alimentos Solidario ""Bas"", A Los Distritos De Ciudad Capital Y A Los Diferentes Municipios Del Departamento De Santa Cruz.",Contratado,,2020-07-15,Res. de Adjudicacion (nota)Contrato/Orden de Compra/Orden de ServicioActa o informe de recepcion definitiva,FORM 400FORM 500,Ver Ficha,Romel Dorado Saravia (Telf: 3636300/3-3332760 /3636256), ,,   - , ,2020-05-02,Santa Cruz,NB-SABS (D.S.0181)
20-0907-00-1049626-0-E,Gobierno Autónomo Departamental De Santa Cruz,Bienes,EM,"Compra De Alimentos (Fideo) Para El Banco De Alimentos Solidario ""Bas"" Santa Cruz.",Contratado,,2020-07-15,Res. de Adjudicacion (nota)Contrato/Orden de Compra/Orden de ServicioActa o informe de recepcion definitiva,FORM 400FORM 500,Ver Ficha,Romel Dorado Saravia (Telf: 3636300/3-3332760 /3636256), ,,   - , ,2020-05-02,Santa Cruz,NB-SABS (D.S.0181)
20-0907-00-1049608-0-E,Gobierno Autónomo Departamental De Santa Cruz,Servicios Generales,EM,"Fletes De Transporte Para Llevar Las Bolsas De Alimentos Solidario ""Bas"", A Los Distritos De Ciudad Capital Y A Los Diferentes Municipios Del Departamento De Santa Cruz",Contratado,,2020-07-15,Res. de Adjudicacion (nota)Contrato/Orden de Compra/Orden de ServicioActa o informe de recepcion definitiva,FORM 400FORM 500,Ver Ficha,Romel Dorado Saravia (Telf: 3636300/3-3332760 /3636256), ,,   - , ,2020-04-20,Santa Cruz,NB-SABS (D.S.0181)
20-0907-00-1049665-0-E,Gobierno Autónomo Departamental De Santa Cruz,Servicios Generales,EM,"Fletes De Transporte Para Llevar Las Bolsas De Alimentos Solidario ""Bas"", A Los Distritos De Ciudad Capital Y A Los Diferentes Municipios Del Departamento De Santa Cruz",Contratado,,2020-07-15,Contrato/Orden de Compra/Orden de ServicioRes. de Adjudicacion (nota)Acta o informe de recepcion definitiva,FORM 400FORM 500,Ver Ficha,Romel Dorado Saravia (Telf: 3636300/3-3332760 /3636256), ,,   - , ,2020-05-02,Santa Cruz,NB-SABS (D.S.0181)
20-0907-00-1049652-0-E,Gobierno Autónomo Departamental De Santa Cruz,Bienes,EX,"Medicamentos Para El Programa De Hemofilia Para La Farmacia Del Hospital San Juan De Dios, Factor Ix",Contratado,,2020-07-16,Res. de Adjudicacion (nota)Contrato/Orden de Compra/Orden de Servicio,FORM 400,Ver Ficha,Kevin Paul Vargas Rivero (Telf: 3636300/3-3332760 /3636256), ,,   - , ,2020-06-15,Santa Cruz,NB-SABS (D.S.0181)
20-0907-00-1050840-1-1,Gobierno Autónomo Departamental De Santa Cruz,Bienes,ANPE,Adquisicion De Ropa De Trabajo Para El Banco De Sangre Regional Santa Cruz,Adjudicado,2020-07-28,2020-07-22,Documento Base de ContratacionAprobación de la entidad para elaboración del DBC (no existe modelo del Organo Rector)ConvocatoriaRes. de Adjudicacion (nota)Informe de la Comision/Responsable de EvaluacionResolución/Nota/Documento que autorice la AmpliacionConvocatoria a Ampliacion,FORM 100FORM 170FORM 100-E,Ver Ficha,Maria Asunta Ortuno Cespedes (Telf: 3636300/3-3332760 /3636256), ,,   - , ,2020-07-31,Santa Cruz,NB-SABS (D.S.0181)
20-0907-00-1050756-0-E,Gobierno Autónomo Departamental De Santa Cruz,Bienes,CD,Adquisiciã??N Del Tubo Para El Tomografo Del Hospital Japones Gestion 2020,Contratado,,2020-07-22,Contrato/Orden de Compra/Orden de ServicioRes. de Adjudicacion (nota)Acta o informe de recepcion definitivaActa o informe de recepcion definitiva,FORM 400FORM 500,Ver Ficha,Yaqueline Merubia Rojas (Telf: 3636300/3-3332760 /3636256), ,,   - , ,2020-05-08,Santa Cruz,D.S. 4174 (COVID-19)
20-0907-00-1050735-0-E,Gobierno Autónomo Departamental De Santa Cruz,Servicios Generales,CM,Servicio De Mantenimiento Deposito Farmaceutico Hospital San Juan De Dios - Fase 2,Contratado,,2020-07-23,Res. de Adjudicacion (nota)Contrato/Orden de Compra/Orden de ServicioActa o informe de recepcion definitiva,FORM 400FORM 500,Ver Ficha,Dennis Cuellar Soto (Telf: 3636300/3-3332760 /3636256), ,,   - , ,2020-06-25,Santa Cruz,NB-SABS (D.S.0181)
20-0907-00-1052032-0-E,Gobierno Autónomo Departamental De Santa Cruz,Bienes,CM,"Adquisición De Guantes Descartables  L Para El Almacén Del Hospital San Juan De Dios,Para El Seguro Único De Salud (Sus) Según Ley 1152,Gestión 2020",Contratado,,2020-07-29,Res. de Adjudicacion (nota)Contrato/Orden de Compra/Orden de ServicioActa o informe de recepcion definitiva,FORM 400FORM 500,Ver Ficha,Lorgio Peinado Justiniano (Telf: 3636300/3-3332760 /3636256), ,,   - , ,2020-06-18,Santa Cruz,NB-SABS (D.S.0181)
20-0907-00-1052045-0-E,Gobierno Autónomo Departamental De Santa Cruz,Bienes,CM,"Adquisición De Guantes Quirúrgicos N° 7 Para El Almacén Del Hospital San Juan De Dios,Para El Seguro Único De Salud (Sus) Según Ley 1152,Gestión 2020",Contratado,,2020-07-29,Res. de Adjudicacion (nota)Contrato/Orden de Compra/Orden de ServicioActa o informe de recepcion definitiva,FORM 400FORM 500,Ver Ficha,Lorgio Peinado Justiniano (Telf: 3636300/3-3332760 /3636256), ,,   - , ,2020-06-18,Santa Cruz,NB-SABS (D.S.0181)
19-0907-00-1052050-0-E,Gobierno Autónomo Departamental De Santa Cruz,Servicios Generales,CM,Servicio De Impresion (Prog. Desarrollo De Marketing Digital Y Publicidad En Santa Cruz De La Sierra),Contratado,,2020-07-29,Res. de Adjudicacion (nota)Contrato/Orden de Compra/Orden de ServicioActa o informe de recepcion definitiva,FORM 400FORM 500,Ver Ficha,Dennis Cuellar Soto (Telf: 3636300/3-3332760 /3636256), ,,   - , ,2019-12-13,Santa Cruz,NB-SABS (D.S.0181)
20-0907-00-1052075-0-E,Gobierno Autónomo Departamental De Santa Cruz,Bienes,CM,"Adquisición De Guantes Descartables M Para El Almacén Del Hospital San Juan De Dios,Para El Seguro Único De  Salud (Sus) Según Ley 1152,Gestión 2020",Contratado,,2020-07-29,Res. de Adjudicacion (nota)Contrato/Orden de Compra/Orden de ServicioActa o informe de recepcion definitiva,FORM 400FORM 500,Ver Ficha,Lorgio Peinado Justiniano (Telf: 3636300/3-3332760 /3636256), ,,   - , ,2020-06-18,Santa Cruz,NB-SABS (D.S.0181)
19-0907-00-1051988-0-E,Gobierno Autónomo Departamental De Santa Cruz,Bienes,CM,Utiles De Escritorio Y Oficina Prog. De Fortal. A La Adm. De Recursos Departamentales (Siremi),Contratado,,2020-07-29,Res. de Adjudicacion (nota)Contrato/Orden de Compra/Orden de ServicioActa o informe de recepcion definitiva,FORM 400FORM 500,Ver Ficha,Dennis Cuellar Soto (Telf: 3636300/3-3332760 /3636256), ,,   - , ,2019-12-04,Santa Cruz,NB-SABS (D.S.0181)
20-0907-00-1052022-0-E,Gobierno Autónomo Departamental De Santa Cruz,Bienes,CM,"Adquisición De Gasas  Quirúrgicas De 8 Cm X 8 Cm Para El Servicio De Esterilización Del Hospital San Juan De Dios,Para El Seguro Único De Salud (Sus) Según Ley 1152, Gestión 2020.",Contratado,,2020-07-29,Contrato/Orden de Compra/Orden de ServicioRes. de Adjudicacion (nota)Acta o informe de recepcion definitiva,FORM 400FORM 500,Ver Ficha,Lorgio Peinado Justiniano (Telf: 3636300/3-3332760 /3636256), ,,   - , ,2020-06-25,Santa Cruz,NB-SABS (D.S.0181)
20-0907-00-1051926-0-E,Gobierno Autónomo Departamental De Santa Cruz,Bienes,EX,"Medicamentos Para El Programa De Hemofilia Para La Farmacia Del Hospital De Niã?Os, ""Dr. Mario Ortiz. S."" Factor Ix",Contratado,,2020-07-29,Res. de Adjudicacion (nota)Contrato/Orden de Compra/Orden de Servicio,FORM 400,Ver Ficha,Jose Efrain Leon Quiton (Telf: 3636300/3-3332760 /3636256), ,,   - , ,2020-06-29,Santa Cruz,NB-SABS (D.S.0181)
20-0907-00-1052007-0-E,Gobierno Autónomo Departamental De Santa Cruz,Bienes,CM,"Adquisición De Toalla De Costura Para El Servicio De Ropería Del Hospital San Juan De Dios,Gestión 2020",Contratado,,2020-07-29,Res. de Adjudicacion (nota)Contrato/Orden de Compra/Orden de ServicioActa o informe de recepcion definitiva,FORM 400FORM 500,Ver Ficha,Lorgio Peinado Justiniano (Telf: 3636300/3-3332760 /3636256), ,,   - , ,2020-06-16,Santa Cruz,NB-SABS (D.S.0181)
20-0907-00-1052095-0-E,Gobierno Autónomo Departamental De Santa Cruz,Bienes,CM,"Adquisición De Guantes S Para El Almacén Del Hospital San Juan De Dios,Para El Seguro Único De Salud (Sus) Según Ley 1152,Gestión 2020",Contratado,,2020-07-29,Contrato/Orden de Compra/Orden de ServicioRes. de Adjudicacion (nota)Acta o informe de recepcion definitiva,FORM 400FORM 500,Ver Ficha,Lorgio Peinado Justiniano (Telf: 3636300/3-3332760 /3636256), ,,   - , ,2020-06-18,Santa Cruz,NB-SABS (D.S.0181)
20-0907-00-1051990-0-E,Gobierno Autónomo Departamental De Santa Cruz,Bienes,CM,"Adquisición De Tela Dril Para Elaboración De Campos Simples,Dobles Y Sabanillas Para El Quirofano Del Hospital San Juan De Dios,Gestión 2020",Contratado,,2020-07-29,Res. de Adjudicacion (nota)Contrato/Orden de Compra/Orden de ServicioActa o informe de recepcion definitiva,FORM 400FORM 500,Ver Ficha,Lorgio Peinado Justiniano (Telf: 3636300/3-3332760 /3636256), ,,   - , ,2020-06-16,Santa Cruz,NB-SABS (D.S.0181)
20-0907-00-1052293-0-E,Gobierno Autónomo Departamental De Santa Cruz,Bienes,CM,"Adquisición De Guantes Quirúrgicos No° 8 Para El Almacén Del Hospital San Juan De Dios,Para El Seguro Único De Salud (Sus) Según Ley 1152, Gestión 2020.",Contratado,,2020-07-30,Res. de Adjudicacion (nota)Contrato/Orden de Compra/Orden de ServicioActa o informe de recepcion definitiva,FORM 400FORM 500,Ver Ficha,Lorgio Peinado Justiniano (Telf: 3636300/3-3332760 /3636256), ,,   - , ,2020-06-19,Santa Cruz,NB-SABS (D.S.0181)
20-0907-00-1052271-0-E,Gobierno Autónomo Departamental De Santa Cruz,Bienes,CM,"Adquisición De Guantes Quirúrgicos No°7.5 Para El Almacén Del Hospital San Juan De Dios,Para El Seguro Único De Salud (Sus) Según Ley 1152,Gestión 2020",Contratado,,2020-07-30,Res. de Adjudicacion (nota)Contrato/Orden de Compra/Orden de ServicioActa o informe de recepcion definitiva,FORM 400FORM 500,Ver Ficha,Lorgio Peinado Justiniano (Telf: 3636300/3-3332760 /3636256), ,,   - , ,2020-06-18,Santa Cruz,NB-SABS (D.S.0181)
20-0907-00-1052623-0-E,Gobierno Autónomo Departamental De Santa Cruz,Bienes,CM,"Adquisición De Gasas De 100 Yardas Para El Almacén  Del Hospital San Juan De Dios,Para El Seguro Único De Salud (Sus) Según Ley 1152,Geston 2020",Contratado,,2020-07-31,Res. de Adjudicacion (nota)Contrato/Orden de Compra/Orden de ServicioActa o informe de recepcion definitiva,FORM 400FORM 500,Ver Ficha,Lorgio Peinado Justiniano (Telf: 3636300/3-3332760 /3636256), ,,   - , ,2020-06-18,Santa Cruz,NB-SABS (D.S.0181)
